A0A023PXA5	5.29
A0A023PXB0	15.45
A0A023PXB5	0.98
A0A023PXB9	0.83
A0A023PXC2	7.83
A0A023PXC7	1.40
A0A023PXD3	14.02
A0A023PXD5	3.68
A0A023PXD9	7.62
A0A023PXE5	0.85
A0A023PXE8	16.04
A0A023PXF2	2.83
A0A023PXF5	0.00
A0A023PXF8	4.08
A0A023PXG3	12.78
A0A023PXG7	1.98
A0A023PXH2	1.80
A0A023PXH4	1.38
A0A023PXH5	0.00
A0A023PXH6	0.00
A0A023PXH9	0.00
A0A023PXI0	3.10
A0A023PXI4	0.00
A0A023PXI5	0.53
A0A023PXI8	0.95
A0A023PXJ3	8.70
A0A023PXJ7	1.89
A0A023PXK2	5.73
A0A023PXK7	4.93
A0A023PXL1	1.52
A0A023PXL7	8.33
A0A023PXM2	1.23
A0A023PXM7	4.46
A0A023PXN3	4.72
A0A023PXN9	6.00
A0A023PXP4	4.55
A0A023PXP7	3.79
A0A023PXQ4	93.91
A0A023PXQ9	5.88
A0A023PYC6	8.65
A0A023PYD0	1.43
A0A023PYD3	7.21
A0A023PYD7	7.56
A0A023PYD9	2.26
A0A023PYE4	0.93
A0A023PYE9	8.74
A0A023PYF4	8.97
A0A023PYF7	2.38
A0A023PYG1	1.85
A0A023PYG5	4.63
A0A023PYH0	2.21
A0A023PYH5	0.81
A0A023PYH8	1.64
A0A023PYI2	8.18
A0A023PYI5	10.53
A0A023PYJ0	8.33
A0A023PYJ4	6.31
A0A023PYJ7	3.45
A0A023PYK2	2.70
A0A023PZ94	4.90
A0A023PZ99	12.93
A0A023PZA4	5.17
A0A023PZA9	11.30
A0A023PZB3	16.67
A0A023PZB8	1.79
A0A023PZC3	3.54
A0A023PZC7	1.06
A0A023PZD0	2.78
A0A023PZD5	5.88
A0A023PZE1	11.71
A0A023PZE2	4.59
A0A023PZE4	29.13
A0A023PZE6	2.88
A0A023PZE8	4.51
A0A023PZE9	3.25
A0A023PZF2	0.74
A0A023PZF3	6.96
A0A023PZF5	1.83
A0A023PZF9	0.00
A0A023PZG0	0.59
A0A023PZG4	6.54
A0A023PZG5	3.96
A0A023PZG9	1.65
A0A023PZH1	1.69
A0A023PZH4	0.99
A0A023PZH5	12.17
A0A023PZH9	1.31
A0A023PZI1	12.82
A0A023PZI4	4.17
A0A023PZI9	8.28
A0A023PZJ3	0.00
A0A023PZJ9	2.44
A0A023PZK4	1.57
A0A023PZK9	1.59
A0A023PZL2	0.81
A0A023PZL7	13.45
A0A023PZM3	1.46
A0A0B7P221	3.57
A0A0B7P3V8	29.80
A2P2R3	11.07
A5Z2X5	8.33
D6VPM8	29.05
D6VTK4	30.39
D6W196	9.92
I2HB52	9.09
I2HB70	0.97
O13297	49.73
O13329	32.16
O13511	17.97
O13512	10.32
O13513	0.86
O13514	4.80
O13515	0.85
O13516	16.24
O13517	5.00
O13518	1.44
O13519	6.56
O13520	4.95
O13521	1.74
O13522	1.20
O13523	0.53
O13525	11.94
O13527	25.42
O13529	1.99
O13530	3.36
O13531	0.93
O13532	0.00
O13533	4.08
O13534	0.62
O13535	33.13
O13536	3.88
O13537	0.85
O13539	8.43
O13540	3.88
O13541	15.52
O13542	0.00
O13543	1.83
O13544	1.67
O13545	11.63
O13546	7.83
O13547	67.23
O13548	4.24
O13549	4.63
O13550	2.59
O13553	4.17
O13554	0.96
O13555	13.60
O13556	1.49
O13557	10.93
O13558	3.92
O13559	27.35
O13560	2.00
O13561	1.71
O13562	3.10
O13563	14.74
O13564	8.77
O13565	1.60
O13566	1.39
O13567	2.94
O13568	2.96
O13569	9.41
O13570	13.90
O13571	1.83
O13572	2.89
O13573	0.99
O13574	16.24
O13575	16.26
O13576	0.00
O13577	25.56
O13578	0.89
O13579	7.26
O13582	8.06
O13583	3.25
O13584	0.00
O13585	23.65
O13586	1.98
O13587	5.00
O13588	0.96
O14455	1.00
O14464	53.76
O14467	23.18
O14468	15.79
O42831	0.64
O43137	12.94
O60200	13.95
O74302	54.55
O74700	6.90
O75012	10.53
O94084	2.81
O94085	5.46
O94086	4.17
O94143	1.96
O94742	75.28
P00044	1.83
P00045	8.85
P00127	40.82
P00128	7.09
P00163	0.78
P00175	21.49
P00330	0.00
P00331	0.00
P00358	0.00
P00359	0.00
P00360	0.00
P00401	3.93
P00410	5.18
P00420	3.72
P00424	18.95
P00425	16.56
P00427	27.03
P00431	20.78
P00445	4.55
P00447	10.30
P00498	2.02
P00546	0.67
P00549	0.20
P00560	1.20
P00572	0.46
P00635	6.85
P00724	4.32
P00729	8.27
P00812	3.00
P00815	4.13
P00817	2.09
P00830	9.20
P00854	2.32
P00856	2.08
P00890	8.98
P00899	3.55
P00912	4.02
P00924	0.23
P00925	0.23
P00927	7.64
P00931	4.95
P00937	1.86
P00942	0.40
P00950	0.40
P00958	6.52
P01094	51.47
P01097	42.35
P01098	43.02
P01119	43.69
P01120	45.34
P01123	15.53
P01149	14.55
P02293	29.77
P02294	29.77
P02309	19.42
P02381	3.77
P02400	39.09
P02406	26.85
P02407	19.12
P02557	14.44
P02829	13.26
P02992	7.78
P02994	4.37
P03069	86.83
P03870	0.71
P03871	9.12
P03872	23.65
P03873	0.71
P03874	2.54
P03875	6.47
P03876	4.10
P03877	0.24
P03878	0.36
P03879	0.63
P03881	4.66
P03882	8.51
P03962	1.12
P03965	1.88
P04037	32.90
P04039	30.77
P04046	5.49
P04050	29.54
P04051	13.42
P04076	5.18
P04147	27.38
P04161	0.00
P04173	0.55
P04385	2.08
P04386	42.68
P04387	3.91
P04397	1.43
P04449	23.87
P04456	2.82
P04650	1.96
P04710	2.27
P04786	29.52
P04801	6.68
P04802	12.21
P04803	13.72
P04806	4.33
P04807	4.73
P04817	15.08
P04819	19.07
P04821	47.26
P04840	0.00
P04911	21.97
P04912	21.97
P05030	11.76
P05066	7.26
P05085	32.84
P05150	3.55
P05316	16.90
P05317	12.82
P05318	42.45
P05319	38.68
P05373	3.51
P05374	13.46
P05375	4.37
P05453	38.54
P05626	18.44
P05694	0.26
P05737	1.64
P05738	1.57
P05739	6.82
P05740	13.59
P05743	9.45
P05744	2.80
P05745	1.00
P05747	8.47
P05748	0.98
P05749	15.70
P05750	12.50
P05755	15.38
P05756	7.28
P05759	0.00
P05986	18.34
P06100	0.00
P06101	19.17
P06102	61.60
P06103	12.06
P06104	12.79
P06105	13.18
P06106	1.58
P06115	11.39
P06168	10.89
P06169	3.20
P06174	1.82
P06182	29.37
P06197	8.64
P06208	8.72
P06242	1.96
P06243	26.63
P06244	18.14
P06245	14.74
P06367	10.95
P06633	6.36
P06634	26.32
P06700	34.52
P06701	39.67
P06704	10.56
P06738	5.54
P06773	0.00
P06774	74.72
P06775	13.76
P06776	13.50
P06777	31.00
P06778	58.60
P06779	20.18
P06780	10.53
P06781	3.65
P06782	34.12
P06783	38.72
P06784	38.83
P06785	5.26
P06786	34.52
P06787	13.61
P06838	35.71
P06839	11.31
P06843	80.78
P06844	21.07
P07143	20.71
P07149	5.46
P07170	1.80
P07172	0.52
P07213	11.99
P07236	2.38
P07244	0.00
P07245	0.11
P07246	6.93
P07248	58.81
P07249	54.80
P07250	11.55
P07251	8.81
P07252	6.57
P07253	12.35
P07255	5.08
P07256	5.03
P07257	4.08
P07258	3.16
P07259	5.96
P07260	16.43
P07261	48.54
P07262	0.22
P07263	14.47
P07264	11.94
P07266	11.85
P07267	4.69
P07269	63.15
P07270	71.47
P07271	37.02
P07272	29.65
P07273	21.04
P07274	0.00
P07275	4.52
P07276	56.26
P07277	0.68
P07278	22.84
P07280	1.39
P07281	2.08
P07283	2.36
P07284	3.03
P07285	1.05
P07286	3.57
P07342	22.42
P07347	23.53
P07390	15.13
P07560	19.07
P07702	9.41
P07703	0.30
P07806	13.22
P07807	2.37
P07834	32.48
P07866	68.36
P07884	9.81
P07991	1.18
P08004	35.90
P08018	51.65
P08019	4.37
P08067	16.74
P08153	83.22
P08417	9.22
P08425	4.69
P08431	6.56
P08432	12.45
P08456	21.38
P08458	27.35
P08459	16.53
P08465	22.84
P08466	20.36
P08468	8.25
P08518	8.33
P08521	0.00
P08524	1.70
P08525	7.45
P08536	0.00
P08539	6.78
P08566	2.90
P08593	2.99
P08638	37.36
P08640	88.30
P08678	41.46
P08679	5.00
P08964	54.05
P09007	45.25
P09032	21.45
P09064	43.16
P09119	17.74
P09201	4.89
P09232	31.02
P09368	13.66
P09435	6.47
P09436	2.52
P09440	3.59
P09457	9.91
P09547	55.63
P09620	29.49
P09624	4.41
P09733	4.47
P09734	3.15
P09798	28.81
P09880	9.43
P09932	2.56
P09937	22.49
P09938	28.57
P09950	14.23
P09959	43.09
P0C074	8.24
P0C0T4	29.63
P0C0V2	5.05
P0C0V8	3.45
P0C0W1	1.54
P0C0W9	3.45
P0C0X0	4.48
P0C155	9.81
P0C1V3	0.00
P0C1Z1	6.90
P0C261	3.10
P0C268	20.34
P0C269	2.56
P0C270	0.00
P0C271	12.50
P0C272	3.17
P0C289	0.00
P0C2H6	0.74
P0C2H7	0.74
P0C2H8	1.77
P0C2H9	1.77
P0C2I2	35.27
P0C2I3	35.16
P0C2I4	46.03
P0C2I5	35.44
P0C2I6	34.64
P0C2I7	34.42
P0C2I8	54.77
P0C2I9	35.10
P0C2J0	33.88
P0C2J1	34.25
P0C2J2	54.57
P0C2J3	35.48
P0C2J4	53.20
P0C2J5	41.61
P0C2J6	50.23
P0C2J7	32.08
P0C5B8	2.50
P0C5E0	7.58
P0C5E1	2.34
P0C5K9	0.00
P0C5L0	3.85
P0C5L1	3.85
P0C5L2	1.14
P0C5L3	2.13
P0C5L4	7.69
P0C5L5	0.00
P0C5L6	0.00
P0C5L7	5.26
P0C5L8	2.22
P0C5L9	8.33
P0C5M0	6.67
P0C5M1	2.94
P0C5M2	3.70
P0C5M3	4.71
P0C5M4	1.33
P0C5M5	0.00
P0C5M6	0.00
P0C5M7	1.59
P0C5M8	20.69
P0C5M9	1.18
P0C5N0	0.00
P0C5N1	3.77
P0C5N2	7.14
P0C5N3	23.38
P0C5N4	0.00
P0C5N5	2.94
P0C5N6	1.69
P0C5N7	1.72
P0C5N8	1.67
P0C5N9	1.37
P0C5P0	2.15
P0C5P1	21.05
P0C5P2	10.34
P0C5P3	0.00
P0C5P4	4.00
P0C5P5	0.00
P0C5P6	5.41
P0C5P7	5.26
P0C5P8	10.71
P0C5P9	0.00
P0C5Q0	6.52
P0C5Q1	0.00
P0C5Q2	0.00
P0C5Q3	0.00
P0C5Q4	1.35
P0C5Q5	3.12
P0C5Q6	0.00
P0C5Q7	4.17
P0C5Q8	2.08
P0C5Q9	9.09
P0C5R0	5.56
P0C5R1	2.90
P0C5R2	20.73
P0C5R3	0.00
P0C5R4	4.35
P0C5R5	1.16
P0C5R6	8.93
P0C5R7	0.00
P0C5R8	1.64
P0C5R9	4.71
P0C5S0	7.37
P0C5S1	0.00
P0CD90	24.16
P0CD91	17.70
P0CD97	18.06
P0CD98	5.92
P0CD99	15.27
P0CE00	14.12
P0CE11	9.64
P0CE41	51.40
P0CE68	14.61
P0CE69	10.13
P0CE85	29.03
P0CE86	20.12
P0CE87	20.12
P0CE88	27.50
P0CE89	27.50
P0CE90	27.50
P0CE91	27.50
P0CE92	27.50
P0CE93	27.50
P0CE96	0.00
P0CE97	0.00
P0CE98	0.00
P0CE99	0.00
P0CF00	0.00
P0CF16	6.21
P0CF17	7.06
P0CF18	1.62
P0CF19	3.26
P0CF20	0.00
P0CF21	0.79
P0CF22	0.95
P0CF33	27.18
P0CF34	33.30
P0CF35	2.12
P0CF36	2.76
P0CG63	0.00
P0CH08	1.56
P0CH09	1.56
P0CH63	1.33
P0CH64	1.33
P0CI66	8.59
P0CI67	8.59
P0CL23	2.22
P0CL24	2.22
P0CL25	1.33
P0CL26	1.33
P0CL27	96.34
P0CL28	96.34
P0CL29	96.34
P0CL30	96.34
P0CL31	96.34
P0CL32	1.56
P0CL33	1.56
P0CL34	2.50
P0CL35	2.50
P0CL36	2.50
P0CL37	1.89
P0CL38	2.50
P0CL39	2.50
P0CL40	2.50
P0CL41	2.50
P0CL42	2.50
P0CS90	7.95
P0CT04	1.33
P0CT86	17.95
P0CW40	1.36
P0CW41	1.36
P0CX08	1.59
P0CX09	1.59
P0CX10	0.00
P0CX11	0.00
P0CX12	8.97
P0CX13	8.97
P0CX14	21.68
P0CX15	21.68
P0CX16	4.63
P0CX17	4.63
P0CX18	16.75
P0CX19	16.75
P0CX20	22.44
P0CX21	22.44
P0CX22	22.44
P0CX23	0.58
P0CX24	0.58
P0CX25	6.52
P0CX26	6.52
P0CX27	1.89
P0CX28	1.89
P0CX29	9.66
P0CX30	9.66
P0CX31	17.04
P0CX32	17.04
P0CX33	52.38
P0CX34	52.38
P0CX35	7.28
P0CX36	7.28
P0CX37	4.66
P0CX38	4.66
P0CX39	8.50
P0CX40	8.50
P0CX41	6.57
P0CX42	6.57
P0CX43	0.92
P0CX44	0.92
P0CX45	10.24
P0CX46	10.24
P0CX47	1.92
P0CX48	1.92
P0CX49	9.68
P0CX50	9.68
P0CX51	10.49
P0CX52	10.49
P0CX53	2.42
P0CX54	2.42
P0CX55	6.85
P0CX56	6.85
P0CX57	54.77
P0CX58	54.77
P0CX59	54.55
P0CX60	54.55
P0CX61	50.91
P0CX62	50.91
P0CX63	36.21
P0CX64	36.21
P0CX65	54.77
P0CX66	54.77
P0CX67	54.77
P0CX68	54.77
P0CX69	54.77
P0CX70	55.00
P0CX71	55.00
P0CX72	55.00
P0CX73	55.00
P0CX74	56.36
P0CX75	56.36
P0CX76	56.36
P0CX77	7.73
P0CX78	7.73
P0CX79	7.73
P0CX80	8.20
P0CX81	8.20
P0CX82	1.59
P0CX83	1.59
P0CX84	0.83
P0CX85	0.83
P0CX86	12.00
P0CX87	12.00
P0CX88	9.91
P0CX89	9.91
P0CX90	13.43
P0CX91	13.43
P0CX92	1.03
P0CX93	1.03
P0CX94	2.50
P0CX95	2.50
P0CX96	2.50
P0CX97	2.50
P0CX98	2.50
P0CX99	2.50
P0CY00	2.50
P0CY01	2.50
P0CY02	4.65
P0CY03	4.65
P0CY04	4.65
P0CY05	4.65
P0CY06	26.86
P0CY07	26.86
P0CY08	29.05
P0CY09	29.05
P0CY11	55.56
P0CY13	50.42
P0CZ17	7.73
P10080	36.39
P10081	3.04
P10127	0.52
P10174	6.67
P10355	3.54
P10356	3.39
P10363	5.87
P10507	3.90
P10566	5.10
P10591	5.76
P10592	5.32
P10614	9.62
P10622	43.40
P10659	0.52
P10662	17.76
P10663	2.61
P10664	8.29
P10823	24.28
P10834	11.26
P10849	40.91
P10862	54.83
P10863	61.81
P10869	5.31
P10870	38.24
P10961	77.31
P10962	35.29
P10963	3.83
P10964	19.29
P11075	36.93
P11076	2.21
P11154	3.65
P11325	6.15
P11353	2.44
P11412	2.97
P11433	38.99
P11484	1.47
P11491	14.31
P11632	36.56
P11633	37.37
P11655	11.89
P11709	30.91
P11710	62.89
P11745	13.51
P11746	77.97
P11747	43.11
P11792	44.42
P11914	6.02
P11927	48.96
P11938	67.35
P11972	30.95
P11978	97.05
P11986	1.31
P12383	34.08
P12385	8.24
P12611	28.40
P12612	4.11
P12630	32.37
P12683	18.69
P12684	16.94
P12685	57.73
P12686	7.37
P12687	22.64
P12688	35.88
P12689	36.14
P12695	21.78
P12709	1.81
P12753	13.49
P12754	46.24
P12866	11.63
P12868	11.95
P12887	25.91
P12904	3.42
P12945	10.77
P12954	39.44
P12962	31.68
P13045	0.96
P13090	14.94
P13099	0.91
P13130	8.59
P13134	25.92
P13181	13.94
P13185	62.59
P13186	65.48
P13188	7.66
P13259	40.57
P13298	0.88
P13365	40.17
P13382	27.66
P13393	22.08
P13433	23.02
P13434	33.33
P13483	66.13
P13517	1.05
P13574	73.69
P13586	7.79
P13587	12.01
P13663	0.55
P13711	5.75
P13712	9.95
P13856	36.03
P13902	36.42
P14020	0.37
P14063	0.76
P14064	22.56
P14065	1.60
P14066	6.11
P14120	2.86
P14126	8.27
P14127	20.59
P14164	37.76
P14180	28.14
P14242	34.71
P14284	19.81
P14291	50.42
P14306	8.68
P14359	50.38
P14540	1.11
P14680	48.95
P14681	0.54
P14682	35.25
P14693	0.30
P14724	21.77
P14736	31.30
P14737	75.71
P14741	0.33
P14742	3.63
P14743	4.18
P14747	29.80
P14772	14.37
P14832	0.62
P14843	3.51
P14904	11.48
P14905	6.43
P14906	20.97
P14907	80.07
P14908	3.81
P14922	57.76
P15019	2.99
P15108	13.19
P15179	5.47
P15180	13.87
P15202	5.63
P15274	20.86
P15303	4.69
P15315	67.56
P15365	12.15
P15367	17.96
P15380	15.95
P15424	28.16
P15436	9.30
P15442	21.22
P15454	0.53
P15496	12.50
P15565	14.39
P15624	0.00
P15625	0.20
P15646	26.91
P15700	5.39
P15703	6.71
P15705	8.83
P15731	0.68
P15732	0.68
P15790	1.61
P15801	26.63
P15807	1.09
P15873	1.16
P15891	70.95
P15938	31.75
P15992	24.30
P16120	2.53
P16140	8.70
P16151	3.87
P16370	16.35
P16387	12.38
P16451	33.41
P16467	2.84
P16474	10.70
P16521	7.66
P16522	17.57
P16523	10.74
P16547	13.74
P16550	5.92
P16603	11.43
P16622	9.67
P16639	14.51
P16649	21.18
P16658	20.69
P16661	7.35
P16664	45.85
P16861	6.69
P16862	1.98
P16892	0.28
P16965	8.33
P17064	9.76
P17065	55.73
P17076	9.38
P17106	67.81
P17119	21.26
P17121	63.30
P17122	0.51
P17123	41.62
P17157	0.98
P17214	23.18
P17255	3.55
P17260	61.98
P17261	3.46
P17423	1.12
P17442	15.20
P17505	4.19
P17536	0.50
P17555	25.29
P17558	14.15
P17629	22.87
P17649	1.70
P17695	25.17
P17709	1.80
P17883	4.54
P17890	49.80
P17891	42.92
P17898	0.51
P17967	13.22
P18238	1.95
P18239	5.66
P18408	11.11
P18409	24.95
P18410	32.82
P18411	35.35
P18412	63.37
P18414	0.46
P18480	53.37
P18494	93.01
P18496	12.90
P18544	3.07
P18562	1.39
P18634	19.88
P18759	9.63
P18851	1.18
P18852	30.00
P18888	31.63
P18898	3.72
P18899	99.77
P18900	18.82
P18961	35.75
P18962	8.07
P18963	29.08
P19073	1.05
P19097	17.06
P19145	9.80
P19146	2.21
P19158	28.68
P19211	10.19
P19262	30.02
P19263	22.09
P19358	0.78
P19414	4.24
P19454	4.42
P19516	38.67
P19524	23.95
P19541	44.17
P19657	12.35
P19658	9.31
P19659	70.31
P19735	13.90
P19736	15.85
P19807	15.28
P19812	20.51
P19880	82.92
P19881	3.21
P19882	7.34
P19955	21.95
P19956	0.00
P20048	6.74
P20049	6.86
P20050	29.26
P20051	0.27
P20052	28.33
P20053	8.60
P20081	1.75
P20084	1.16
P20095	20.89
P20107	34.62
P20133	1.54
P20134	84.73
P20424	18.48
P20433	27.60
P20434	2.79
P20435	44.52
P20436	0.68
P20437	28.02
P20438	32.84
P20447	14.53
P20448	30.26
P20449	14.94
P20457	14.20
P20459	6.58
P20484	17.39
P20485	28.35
P20486	32.67
P20604	4.18
P20606	3.16
P20676	96.19
P20795	10.27
P20840	35.69
P20967	7.69
P21147	17.45
P21182	6.57
P21190	9.17
P21192	80.00
P21242	16.67
P21243	5.16
P21264	2.45
P21268	49.88
P21269	6.96
P21304	27.43
P21306	3.23
P21339	66.40
P21372	34.63
P21373	36.42
P21374	6.38
P21375	6.19
P21524	12.16
P21538	55.06
P21560	30.45
P21576	10.65
P21592	31.39
P21595	8.18
P21623	5.04
P21651	33.44
P21657	46.70
P21672	10.01
P21691	4.13
P21705	37.25
P21734	0.47
P21771	15.73
P21801	10.53
P21825	18.98
P21826	3.25
P21827	11.62
P21951	14.72
P21954	3.50
P21957	57.43
P21965	3.73
P22007	9.28
P22023	15.60
P22035	75.34
P22082	51.97
P22108	3.69
P22133	6.37
P22134	20.27
P22135	14.77
P22136	7.41
P22137	3.02
P22138	8.89
P22139	1.43
P22140	1.02
P22141	0.51
P22146	22.00
P22147	28.66
P22148	50.79
P22149	46.23
P22202	4.98
P22203	3.43
P22204	28.50
P22209	17.93
P22211	60.89
P22213	14.71
P22214	1.40
P22215	22.08
P22216	32.52
P22217	0.00
P22219	29.09
P22224	18.90
P22276	5.83
P22289	13.64
P22336	12.40
P22353	14.29
P22354	28.72
P22434	5.15
P22438	4.35
P22470	75.41
P22515	4.79
P22516	15.80
P22517	26.17
P22543	8.91
P22579	49.61
P22580	0.18
P22696	4.12
P22768	3.10
P22803	0.00
P22804	33.80
P22855	1.48
P22936	15.53
P22943	83.49
P23059	1.14
P23060	3.58
P23179	8.54
P23180	8.17
P23201	83.49
P23202	34.46
P23248	10.59
P23250	33.91
P23254	0.59
P23255	23.67
P23285	15.61
P23287	20.43
P23291	42.38
P23292	43.22
P23293	49.77
P23301	9.55
P23337	11.16
P23369	15.29
P23394	17.35
P23493	75.22
P23500	4.61
P23501	12.13
P23503	7.94
P23542	0.72
P23561	36.54
P23585	9.06
P23594	18.43
P23595	19.63
P23615	23.98
P23624	20.96
P23638	8.14
P23639	1.20
P23641	4.82
P23642	20.93
P23643	16.12
P23644	14.21
P23724	7.47
P23748	65.52
P23776	7.59
P23796	10.72
P23797	13.49
P23833	30.17
P23900	49.48
P23968	14.08
P24000	25.16
P24004	24.16
P24031	6.64
P24276	42.88
P24279	27.81
P24280	6.58
P24309	10.62
P24384	27.42
P24482	20.17
P24521	2.44
P24583	35.27
P24719	12.88
P24720	9.05
P24783	18.13
P24784	26.74
P24813	66.26
P24814	20.24
P24867	42.65
P24868	39.92
P24869	44.20
P24870	32.79
P24871	37.39
P25036	17.15
P25037	55.62
P25038	14.79
P25039	18.53
P25040	28.43
P25042	74.73
P25043	2.30
P25044	2.69
P25045	7.71
P25046	23.64
P25087	7.83
P25270	33.25
P25293	30.94
P25294	25.28
P25296	6.29
P25297	15.84
P25298	12.26
P25299	32.43
P25300	19.94
P25301	22.17
P25302	63.31
P25303	15.38
P25332	0.30
P25333	50.58
P25334	16.35
P25335	1.75
P25336	19.55
P25337	1.27
P25338	2.87
P25339	62.27
P25340	5.92
P25341	52.92
P25342	9.94
P25343	0.38
P25344	49.13
P25345	2.44
P25346	13.71
P25347	0.96
P25348	41.53
P25349	16.19
P25350	0.00
P25351	23.73
P25352	2.21
P25353	29.92
P25354	20.50
P25355	11.55
P25356	26.58
P25357	80.67
P25358	16.14
P25359	17.51
P25360	25.14
P25361	11.02
P25362	0.47
P25364	73.76
P25365	64.04
P25366	13.81
P25367	90.12
P25368	28.96
P25369	31.64
P25370	23.14
P25371	15.16
P25372	15.75
P25373	3.64
P25374	18.31
P25375	5.20
P25376	15.48
P25377	0.55
P25378	11.00
P25379	3.06
P25380	19.22
P25381	11.81
P25382	5.05
P25383	50.91
P25384	36.33
P25385	15.16
P25386	56.42
P25389	56.32
P25390	26.00
P25441	75.36
P25443	13.39
P25451	1.46
P25453	4.49
P25454	20.50
P25491	17.60
P25502	38.30
P25515	5.62
P25554	18.53
P25555	32.55
P25558	64.24
P25559	5.79
P25560	13.30
P25561	0.85
P25562	1.17
P25563	6.09
P25565	5.70
P25566	20.83
P25567	71.20
P25568	12.88
P25569	6.31
P25571	5.49
P25572	1.68
P25573	17.27
P25574	5.53
P25575	1.87
P25576	0.39
P25577	10.90
P25578	9.98
P25579	84.05
P25580	4.57
P25582	43.16
P25583	13.43
P25584	7.64
P25585	0.66
P25586	28.48
P25587	20.31
P25588	93.80
P25591	32.39
P25593	1.15
P25594	5.02
P25596	13.98
P25600	0.00
P25601	12.33
P25602	16.19
P25603	18.46
P25604	21.56
P25605	23.95
P25606	3.16
P25607	12.09
P25608	0.00
P25610	28.23
P25611	19.35
P25612	6.34
P25613	15.19
P25614	14.42
P25615	17.53
P25616	2.84
P25617	63.10
P25618	9.65
P25619	14.46
P25620	3.51
P25621	11.91
P25623	46.44
P25625	3.92
P25626	18.34
P25627	14.18
P25628	29.18
P25629	14.86
P25630	0.98
P25631	7.66
P25632	19.88
P25635	10.18
P25637	7.75
P25638	2.70
P25639	29.00
P25640	0.00
P25641	18.27
P25642	36.30
P25644	52.51
P25646	8.82
P25648	20.11
P25649	3.91
P25650	0.85
P25651	3.68
P25652	5.85
P25653	100.00
P25654	0.00
P25655	21.58
P25656	11.51
P25657	0.00
P25659	23.20
P25693	45.78
P25694	33.05
P25719	10.44
P25808	20.13
P25846	13.14
P25847	8.71
P26188	4.26
P26263	2.66
P26309	41.97
P26321	27.27
P26343	68.03
P26364	5.33
P26370	14.96
P26448	0.65
P26449	1.17
P26570	56.36
P26637	7.06
P26725	19.86
P26754	18.32
P26755	4.92
P26783	7.56
P26784	1.01
P26785	0.51
P26786	4.21
P26793	9.42
P26798	41.12
P27344	50.75
P27351	13.00
P27466	26.46
P27472	7.66
P27476	59.90
P27514	21.03
P27515	12.18
P27614	9.90
P27616	0.33
P27636	23.61
P27637	77.29
P27654	58.10
P27680	19.23
P27692	48.45
P27697	14.77
P27705	85.52
P27796	4.80
P27801	2.94
P27809	22.85
P27810	15.01
P27825	25.10
P27882	25.40
P27895	22.40
P27929	36.83
P27999	5.74
P28000	29.58
P28003	45.28
P28004	43.80
P28005	17.92
P28006	74.91
P28007	52.68
P28239	9.03
P28240	6.46
P28241	7.86
P28263	31.19
P28272	0.32
P28273	3.50
P28274	4.66
P28319	38.91
P28320	21.94
P28321	3.83
P28495	2.61
P28496	22.97
P28519	34.50
P28584	41.84
P28625	1.10
P28626	2.07
P28627	13.68
P28707	43.52
P28708	34.17
P28737	15.47
P28742	25.47
P28743	36.83
P28777	4.79
P28778	1.53
P28789	1.53
P28791	36.03
P28795	24.04
P28817	7.00
P28834	5.83
P29029	37.72
P29055	5.51
P29056	39.93
P29295	39.88
P29311	11.61
P29340	10.38
P29366	34.66
P29453	9.38
P29461	32.93
P29465	29.18
P29467	3.19
P29468	13.56
P29469	26.38
P29478	42.86
P29496	12.52
P29509	0.63
P29539	55.17
P29547	7.47
P29589	10.44
P29703	0.32
P29704	11.94
P29952	2.33
P30283	32.41
P30402	2.20
P30605	20.03
P30606	23.65
P30619	20.03
P30620	38.43
P30624	1.29
P30656	12.20
P30657	5.26
P30665	22.72
P30771	18.54
P30775	1.69
P30777	5.19
P30822	4.89
P30902	2.87
P30952	2.35
P31109	26.50
P31111	37.37
P31115	16.06
P31116	0.28
P31244	28.86
P31334	19.33
P31373	1.52
P31374	56.42
P31376	68.00
P31377	30.59
P31378	36.09
P31379	12.92
P31380	44.21
P31381	22.05
P31382	8.17
P31383	5.20
P31384	40.86
P31385	53.33
P31386	0.00
P31412	6.12
P31539	5.18
P31688	12.95
P31755	22.92
P31787	0.00
P32047	79.87
P32048	8.16
P32074	11.12
P32178	2.73
P32179	0.84
P32190	14.53
P32191	14.02
P32259	12.01
P32263	5.94
P32264	7.71
P32266	17.93
P32288	3.78
P32316	0.95
P32317	22.00
P32318	8.90
P32319	10.89
P32323	100.00
P32324	1.66
P32325	64.77
P32327	4.49
P32328	25.71
P32329	20.04
P32330	53.64
P32331	6.84
P32332	6.17
P32333	24.21
P32334	89.13
P32335	16.28
P32336	48.88
P32337	6.34
P32338	59.00
P32339	14.51
P32340	9.55
P32341	3.26
P32342	32.93
P32343	39.03
P32344	24.32
P32345	4.22
P32347	1.10
P32349	20.18
P32350	44.50
P32351	46.53
P32352	7.66
P32353	15.89
P32354	64.10
P32356	13.18
P32357	12.96
P32361	31.12
P32363	2.43
P32364	25.61
P32366	0.58
P32367	28.81
P32368	2.25
P32375	0.43
P32377	3.79
P32378	16.67
P32379	6.92
P32380	26.69
P32381	0.77
P32383	19.68
P32385	27.31
P32386	19.69
P32387	20.91
P32388	10.22
P32389	77.68
P32419	0.00
P32432	86.82
P32435	19.17
P32445	22.22
P32447	43.01
P32448	31.62
P32449	5.41
P32450	20.21
P32451	14.13
P32452	0.90
P32453	23.27
P32454	9.87
P32457	34.42
P32458	19.76
P32459	0.00
P32460	1.23
P32461	19.29
P32462	1.60
P32463	23.20
P32464	15.54
P32465	12.98
P32466	12.52
P32467	13.89
P32468	17.20
P32469	3.00
P32471	14.56
P32472	16.30
P32473	8.74
P32474	12.77
P32475	0.87
P32476	3.02
P32477	3.69
P32478	64.16
P32479	36.07
P32480	23.89
P32481	15.37
P32485	20.46
P32486	27.08
P32487	16.53
P32488	50.59
P32489	42.79
P32490	40.16
P32491	39.72
P32492	24.61
P32493	2.12
P32494	50.71
P32495	10.90
P32496	1.46
P32497	22.54
P32499	84.17
P32500	32.82
P32501	16.71
P32502	12.60
P32504	41.84
P32505	55.43
P32521	88.11
P32522	3.83
P32523	2.58
P32524	15.00
P32525	38.90
P32526	46.74
P32527	12.93
P32528	5.40
P32529	1.60
P32558	22.22
P32559	9.32
P32561	11.55
P32562	32.06
P32563	11.43
P32564	20.32
P32565	13.86
P32566	47.33
P32567	51.16
P32568	13.92
P32569	34.21
P32570	16.53
P32571	33.05
P32572	35.00
P32573	4.11
P32578	77.42
P32579	4.46
P32580	6.38
P32581	45.58
P32582	5.33
P32583	98.77
P32584	5.44
P32585	13.36
P32588	39.29
P32589	11.83
P32590	12.41
P32591	65.82
P32597	33.55
P32598	5.45
P32599	8.41
P32600	12.93
P32601	2.80
P32602	6.85
P32603	6.29
P32604	7.52
P32605	19.80
P32606	30.25
P32607	48.59
P32608	5.61
P32609	21.55
P32610	22.66
P32611	20.36
P32612	28.33
P32613	1.32
P32614	1.91
P32616	4.96
P32617	22.29
P32618	79.60
P32621	17.76
P32622	28.89
P32623	32.98
P32626	0.44
P32628	42.71
P32629	30.00
P32630	8.43
P32633	15.83
P32634	62.86
P32639	11.23
P32641	31.87
P32642	11.48
P32643	0.33
P32644	31.22
P32645	26.59
P32656	7.33
P32657	37.60
P32660	30.36
P32767	3.70
P32768	83.21
P32769	22.26
P32770	45.90
P32771	1.30
P32772	30.49
P32773	61.19
P32774	7.38
P32775	0.43
P32776	34.74
P32781	27.59
P32783	28.90
P32784	26.48
P32785	8.48
P32786	31.10
P32787	34.94
P32788	47.50
P32789	52.51
P32790	73.23
P32791	5.54
P32792	7.27
P32793	41.45
P32794	23.97
P32795	24.36
P32796	11.64
P32797	23.81
P32798	32.35
P32799	44.19
P32800	5.54
P32801	47.81
P32802	4.80
P32803	7.88
P32804	21.01
P32805	0.67
P32806	16.16
P32807	12.62
P32828	26.66
P32829	31.50
P32830	15.60
P32831	53.12
P32832	35.86
P32833	40.97
P32835	7.31
P32836	6.82
P32837	12.78
P32838	8.70
P32839	10.53
P32841	59.58
P32842	7.32
P32843	16.24
P32844	6.58
P32849	37.81
P32854	23.96
P32855	24.69
P32857	17.78
P32858	2.54
P32859	9.23
P32860	17.19
P32861	2.81
P32862	55.98
P32863	25.17
P32864	26.04
P32867	16.21
P32873	55.94
P32874	17.55
P32875	22.71
P32891	16.87
P32892	39.49
P32893	28.21
P32895	21.55
P32896	42.27
P32897	24.77
P32898	4.25
P32899	0.55
P32900	80.93
P32901	17.14
P32902	19.29
P32903	2.50
P32904	6.54
P32905	3.17
P32906	4.37
P32907	14.54
P32908	24.82
P32909	80.00
P32910	5.05
P32911	2.78
P32912	14.24
P32913	35.21
P32914	3.92
P32915	0.42
P32916	30.76
P32917	51.58
P32939	10.58
P32943	25.26
P32944	60.68
P32945	44.63
P33122	75.26
P33199	6.15
P33200	27.05
P33201	7.20
P33202	27.51
P33203	29.85
P33204	1.17
P33296	26.80
P33297	7.14
P33298	11.45
P33299	10.71
P33300	28.27
P33301	58.67
P33302	13.43
P33303	4.04
P33304	67.58
P33306	92.83
P33307	1.46
P33308	25.50
P33309	2.07
P33310	17.70
P33311	25.10
P33312	0.00
P33313	9.35
P33314	29.35
P33315	0.59
P33317	10.88
P33322	26.92
P33323	4.40
P33324	7.10
P33327	5.59
P33328	31.30
P33329	57.75
P33330	1.77
P33331	0.80
P33332	43.34
P33333	27.39
P33334	13.92
P33335	6.08
P33336	30.61
P33338	27.69
P33339	17.56
P33399	27.27
P33400	78.24
P33401	0.53
P33411	15.14
P33412	2.48
P33413	18.10
P33416	6.41
P33417	79.06
P33418	7.64
P33419	7.91
P33420	31.11
P33421	36.36
P33441	39.29
P33442	10.98
P33448	29.51
P33550	18.35
P33734	3.44
P33748	90.62
P33749	80.00
P33750	6.75
P33751	21.90
P33753	13.15
P33754	13.11
P33755	5.69
P33757	14.53
P33759	13.03
P33760	20.97
P33767	7.67
P33775	11.63
P33890	56.57
P33891	4.14
P33892	12.16
P33893	3.70
P33894	13.53
P33895	1.77
P34072	65.58
P34077	10.25
P34078	55.94
P34087	0.00
P34110	14.83
P34111	27.76
P34160	13.94
P34161	84.68
P34162	0.48
P34163	24.45
P34164	56.39
P34165	36.11
P34166	36.84
P34167	71.33
P34215	0.00
P34216	79.15
P34217	78.89
P34218	57.40
P34219	75.05
P34220	12.44
P34221	30.77
P34222	31.73
P34223	43.74
P34224	2.59
P34225	46.29
P34226	45.83
P34227	14.18
P34228	48.17
P34230	26.96
P34231	22.13
P34232	15.76
P34233	59.18
P34234	27.45
P34237	36.23
P34238	1.79
P34239	37.56
P34240	45.53
P34241	13.66
P34243	5.27
P34244	71.61
P34245	1.47
P34246	7.00
P34247	23.60
P34248	26.24
P34249	10.89
P34250	96.02
P34251	5.83
P34252	85.87
P34253	6.07
P34730	13.55
P34756	60.67
P34758	85.44
P34760	1.53
P34761	73.83
P34909	63.71
P35056	38.07
P35127	1.27
P35169	12.15
P35172	13.46
P35176	21.78
P35177	63.74
P35178	10.79
P35179	17.50
P35180	24.04
P35181	7.69
P35182	4.98
P35183	7.93
P35184	11.60
P35187	57.01
P35189	15.57
P35190	62.83
P35191	28.38
P35192	53.48
P35193	20.24
P35194	16.13
P35195	0.96
P35196	14.34
P35197	43.18
P35198	40.42
P35200	6.96
P35201	65.57
P35202	7.21
P35203	8.58
P35206	12.44
P35207	21.68
P35208	42.66
P35209	83.11
P35210	54.53
P35497	1.12
P35688	27.43
P35691	2.40
P35718	9.91
P35719	6.39
P35723	22.33
P35724	57.48
P35725	40.72
P35727	10.62
P35728	32.43
P35729	9.16
P35731	1.80
P35732	93.77
P35733	2.42
P35734	73.63
P35735	17.28
P35736	80.59
P35817	53.50
P35842	6.85
P35843	3.69
P35844	3.92
P35845	31.48
P35994	27.64
P35995	24.40
P35996	0.00
P35997	1.22
P35999	8.03
P36000	19.83
P36001	0.23
P36002	48.19
P36003	49.89
P36004	55.25
P36005	16.40
P36006	25.00
P36007	0.92
P36008	6.80
P36009	9.80
P36010	1.96
P36012	41.48
P36013	14.35
P36014	2.99
P36015	0.00
P36016	16.80
P36017	17.14
P36018	18.80
P36019	19.55
P36022	10.85
P36023	18.89
P36024	63.35
P36025	32.46
P36026	32.78
P36027	68.09
P36029	21.20
P36030	3.48
P36031	0.91
P36032	14.80
P36033	8.44
P36034	10.32
P36035	20.94
P36036	48.28
P36037	2.52
P36038	6.64
P36039	11.46
P36040	3.00
P36041	88.45
P36042	90.67
P36044	32.94
P36046	70.72
P36047	8.88
P36048	12.20
P36049	68.85
P36050	0.79
P36051	3.05
P36052	4.73
P36053	53.10
P36054	16.11
P36056	33.28
P36057	22.13
P36058	4.14
P36059	6.53
P36060	14.57
P36061	0.98
P36062	30.78
P36064	18.02
P36065	3.03
P36066	17.93
P36067	0.00
P36068	3.66
P36069	2.03
P36070	24.08
P36071	1.59
P36072	3.88
P36073	0.77
P36074	2.70
P36075	29.12
P36076	64.27
P36077	1.57
P36078	1.72
P36079	5.39
P36080	72.35
P36081	18.37
P36082	2.36
P36083	25.11
P36084	38.71
P36085	22.72
P36086	1.17
P36087	0.00
P36088	6.11
P36089	1.36
P36090	13.57
P36091	10.24
P36092	0.94
P36093	69.67
P36094	45.18
P36095	20.54
P36096	9.50
P36097	21.58
P36098	10.95
P36099	4.48
P36100	46.68
P36101	14.99
P36102	32.11
P36103	38.99
P36104	0.30
P36105	4.35
P36106	40.40
P36107	18.45
P36108	23.71
P36109	0.00
P36110	43.16
P36111	12.85
P36112	21.11
P36113	17.97
P36114	20.41
P36115	82.76
P36116	33.54
P36117	58.36
P36118	40.68
P36119	49.06
P36120	31.67
P36121	34.75
P36122	17.25
P36123	51.02
P36124	58.59
P36125	12.82
P36126	44.80
P36127	0.96
P36128	7.80
P36129	3.29
P36130	23.48
P36131	2.03
P36132	6.99
P36133	18.56
P36134	44.00
P36135	24.66
P36136	4.06
P36137	28.67
P36138	44.26
P36139	14.49
P36140	1.98
P36141	0.75
P36142	24.88
P36143	49.19
P36144	7.66
P36145	38.11
P36146	14.54
P36147	24.87
P36148	20.59
P36149	8.81
P36150	7.76
P36151	7.10
P36152	32.76
P36153	0.94
P36154	9.03
P36155	44.30
P36156	4.86
P36157	50.14
P36158	40.17
P36159	14.80
P36160	16.86
P36161	11.32
P36162	28.57
P36163	8.70
P36164	27.00
P36165	41.65
P36166	78.75
P36167	40.24
P36168	35.48
P36169	57.18
P36170	79.98
P36172	10.65
P36173	13.82
P36224	31.37
P36421	10.66
P36516	19.49
P36517	16.61
P36519	11.30
P36520	29.81
P36521	24.10
P36523	11.86
P36525	13.95
P36526	18.49
P36527	23.81
P36528	14.23
P36531	55.37
P36532	25.71
P36533	11.43
P36534	6.40
P36775	28.95
P36973	2.21
P37012	1.05
P37020	6.16
P37254	9.40
P37261	0.52
P37262	7.94
P37263	32.68
P37264	0.00
P37265	0.00
P37267	10.20
P37291	2.77
P37292	5.31
P37293	57.29
P37296	15.96
P37297	14.16
P37298	24.86
P37299	10.39
P37302	11.36
P37303	8.79
P37304	59.16
P37366	29.52
P37370	94.61
P37838	37.81
P37898	0.12
P38009	0.51
P38011	0.94
P38013	0.00
P38041	73.06
P38042	33.77
P38061	2.31
P38063	3.37
P38064	18.53
P38065	11.51
P38066	17.68
P38067	3.42
P38068	44.83
P38069	13.57
P38070	29.52
P38071	4.47
P38072	30.90
P38073	44.94
P38074	9.48
P38075	7.89
P38077	9.65
P38079	20.06
P38080	71.93
P38081	5.79
P38082	3.64
P38083	3.47
P38084	11.49
P38085	14.38
P38086	30.06
P38087	11.25
P38088	11.16
P38089	6.36
P38090	13.42
P38109	11.61
P38110	18.80
P38111	10.26
P38112	33.89
P38113	0.57
P38114	43.60
P38115	5.81
P38116	2.73
P38120	15.83
P38121	25.11
P38122	7.69
P38123	0.00
P38124	14.05
P38125	22.03
P38126	5.50
P38127	19.10
P38128	77.21
P38129	30.45
P38130	17.08
P38131	16.16
P38132	10.89
P38137	7.92
P38138	4.72
P38139	3.73
P38140	41.59
P38141	42.22
P38142	6.97
P38143	0.62
P38144	30.20
P38145	3.36
P38146	13.57
P38147	15.75
P38148	20.82
P38149	6.72
P38150	16.56
P38151	39.47
P38152	3.34
P38153	6.21
P38155	28.33
P38156	16.12
P38157	5.34
P38158	1.03
P38161	0.99
P38162	18.37
P38163	17.33
P38164	18.98
P38165	79.42
P38166	33.49
P38167	65.44
P38168	7.69
P38169	5.00
P38170	45.23
P38171	1.96
P38172	16.30
P38173	2.73
P38174	12.83
P38175	49.72
P38176	13.94
P38177	55.58
P38178	0.71
P38179	8.73
P38180	73.10
P38181	23.57
P38182	0.00
P38183	4.20
P38184	8.74
P38185	1.96
P38186	0.94
P38187	52.74
P38188	3.51
P38189	0.00
P38190	7.26
P38191	24.64
P38192	0.97
P38193	56.01
P38194	9.84
P38195	30.74
P38196	15.96
P38197	6.61
P38198	40.38
P38199	38.06
P38200	69.23
P38201	22.61
P38202	55.66
P38203	4.21
P38204	2.07
P38205	8.19
P38206	16.38
P38207	25.19
P38208	7.52
P38209	5.26
P38210	14.44
P38211	5.77
P38212	63.38
P38213	73.51
P38214	12.23
P38215	0.78
P38216	82.03
P38217	4.68
P38218	3.39
P38219	2.28
P38220	1.82
P38221	13.57
P38222	26.45
P38223	1.00
P38224	18.46
P38225	8.67
P38226	21.16
P38227	23.51
P38228	5.42
P38229	42.25
P38230	1.20
P38231	13.71
P38232	11.54
P38233	0.86
P38234	0.48
P38235	2.51
P38236	56.83
P38237	15.11
P38238	3.55
P38239	30.00
P38240	2.11
P38241	29.40
P38242	21.52
P38243	40.76
P38244	16.29
P38246	4.52
P38247	0.62
P38248	23.08
P38249	22.10
P38250	39.01
P38251	0.00
P38252	9.55
P38253	9.02
P38254	10.23
P38255	38.14
P38256	18.26
P38257	58.18
P38258	0.79
P38260	2.76
P38261	38.38
P38262	7.29
P38263	37.85
P38264	22.87
P38265	1.22
P38266	98.94
P38267	14.37
P38268	1.71
P38269	10.08
P38270	5.23
P38271	35.06
P38272	37.18
P38273	16.62
P38274	22.01
P38275	0.00
P38276	5.03
P38277	50.95
P38278	9.50
P38279	25.68
P38280	20.85
P38281	9.49
P38282	61.86
P38283	92.26
P38284	50.98
P38285	30.97
P38286	11.82
P38287	22.07
P38288	24.62
P38289	34.53
P38290	27.44
P38291	25.71
P38292	19.85
P38293	12.84
P38294	6.73
P38295	7.32
P38296	1.61
P38297	20.35
P38298	6.33
P38299	9.56
P38300	18.35
P38301	30.00
P38302	5.00
P38303	8.74
P38304	22.42
P38305	8.94
P38306	51.15
P38307	0.47
P38308	48.48
P38309	2.80
P38310	27.74
P38311	0.95
P38312	16.20
P38313	31.17
P38314	32.07
P38315	16.32
P38316	51.61
P38317	0.79
P38318	8.57
P38319	22.24
P38320	4.09
P38321	41.44
P38322	1.47
P38323	32.50
P38324	8.22
P38325	15.67
P38326	66.34
P38327	0.00
P38328	8.59
P38329	25.62
P38330	22.44
P38331	13.45
P38332	1.55
P38333	28.16
P38334	12.57
P38335	51.44
P38336	17.92
P38337	9.86
P38338	4.65
P38339	30.33
P38340	3.02
P38341	16.98
P38342	3.12
P38343	3.33
P38344	34.35
P38345	52.90
P38346	56.15
P38347	11.69
P38348	3.96
P38349	40.37
P38350	6.77
P38351	28.76
P38352	2.35
P38353	1.22
P38354	2.08
P38355	14.75
P38356	41.74
P38357	4.88
P38358	0.84
P38359	19.67
P38360	31.91
P38361	9.93
P38362	2.42
P38374	15.38
P38426	29.41
P38427	31.97
P38428	56.65
P38429	42.29
P38430	0.00
P38431	21.98
P38439	62.72
P38523	33.77
P38555	19.28
P38590	67.69
P38604	1.78
P38615	7.03
P38616	11.58
P38620	0.94
P38622	34.77
P38623	46.89
P38624	3.72
P38625	1.90
P38626	9.51
P38627	3.81
P38628	1.44
P38629	3.53
P38630	35.66
P38631	12.37
P38632	10.11
P38633	11.81
P38634	82.39
P38635	4.48
P38636	1.37
P38637	32.29
P38682	65.52
P38687	13.52
P38688	14.84
P38689	0.94
P38690	6.38
P38691	63.36
P38692	68.24
P38693	6.85
P38694	4.66
P38695	17.06
P38696	2.34
P38697	4.40
P38698	0.76
P38699	25.44
P38700	16.36
P38701	10.74
P38702	11.20
P38703	21.90
P38704	57.49
P38705	6.50
P38707	5.05
P38708	9.88
P38709	3.65
P38710	0.34
P38711	1.22
P38712	20.56
P38713	42.57
P38714	9.02
P38715	0.31
P38716	1.06
P38717	19.69
P38719	4.64
P38720	2.04
P38721	26.54
P38722	1.48
P38723	8.92
P38724	12.90
P38725	27.50
P38726	0.87
P38727	18.30
P38728	17.06
P38729	29.33
P38730	2.01
P38731	14.35
P38732	4.27
P38733	1.50
P38734	10.07
P38735	17.21
P38736	6.73
P38737	13.97
P38738	32.25
P38739	73.06
P38740	21.90
P38741	53.72
P38742	55.50
P38744	4.17
P38745	19.92
P38746	2.47
P38747	21.17
P38748	28.89
P38749	61.21
P38750	46.41
P38751	0.00
P38752	1.54
P38753	38.05
P38754	4.35
P38755	14.42
P38756	14.69
P38757	45.52
P38758	7.07
P38759	20.21
P38760	25.34
P38763	7.03
P38764	17.72
P38765	0.34
P38766	31.26
P38767	26.33
P38768	22.09
P38769	0.63
P38770	63.48
P38771	12.61
P38772	16.12
P38773	0.41
P38774	0.81
P38775	4.64
P38776	8.95
P38777	5.35
P38778	17.30
P38779	30.85
P38780	5.65
P38781	26.61
P38782	32.88
P38783	30.77
P38784	21.55
P38785	39.81
P38786	13.31
P38787	7.39
P38788	5.58
P38789	35.54
P38790	3.57
P38791	9.56
P38792	22.28
P38793	12.83
P38794	34.06
P38795	3.50
P38796	17.00
P38797	16.33
P38798	30.21
P38799	17.03
P38800	60.00
P38801	29.35
P38803	16.17
P38804	17.12
P38805	3.05
P38806	39.01
P38808	1.22
P38809	71.86
P38810	19.05
P38811	18.16
P38812	0.54
P38813	25.37
P38814	54.69
P38815	26.17
P38816	7.02
P38817	40.68
P38818	2.74
P38819	7.55
P38820	4.55
P38821	6.53
P38822	27.96
P38823	48.80
P38824	44.37
P38825	10.17
P38826	40.00
P38827	44.44
P38828	5.88
P38829	28.57
P38830	65.55
P38831	0.99
P38832	11.95
P38833	45.68
P38834	0.90
P38835	65.53
P38836	7.44
P38837	29.55
P38838	34.94
P38839	18.92
P38840	8.77
P38841	16.67
P38842	9.62
P38843	3.80
P38844	75.08
P38845	78.28
P38848	33.16
P38849	10.08
P38850	37.29
P38851	19.46
P38852	45.29
P38853	51.20
P38854	78.97
P38855	21.91
P38856	58.71
P38857	18.60
P38858	0.40
P38859	36.20
P38860	21.24
P38861	17.18
P38862	3.81
P38863	20.78
P38864	1.79
P38865	29.63
P38866	1.39
P38867	64.24
P38868	1.84
P38869	18.86
P38870	23.44
P38871	35.03
P38872	10.97
P38873	30.57
P38874	12.30
P38875	13.44
P38876	1.05
P38877	10.53
P38878	30.58
P38879	35.06
P38880	20.21
P38881	45.17
P38882	23.48
P38883	27.65
P38884	27.10
P38885	19.03
P38886	16.42
P38887	6.15
P38888	12.81
P38889	45.82
P38890	12.74
P38891	5.09
P38892	0.69
P38893	0.29
P38894	73.86
P38898	30.07
P38899	9.45
P38900	43.43
P38902	4.17
P38903	43.20
P38904	91.15
P38907	30.57
P38909	16.94
P38910	6.60
P38911	47.20
P38912	33.99
P38913	9.15
P38915	30.90
P38920	20.94
P38921	2.11
P38922	33.92
P38925	21.74
P38927	12.65
P38928	41.68
P38929	21.99
P38930	20.93
P38931	48.73
P38932	5.20
P38934	25.32
P38953	21.43
P38954	13.66
P38956	39.05
P38957	1.79
P38958	26.13
P38959	16.83
P38960	19.03
P38961	36.99
P38962	9.05
P38966	35.33
P38967	8.95
P38968	42.66
P38969	21.28
P38970	63.86
P38971	10.47
P38972	4.57
P38985	34.25
P38986	11.81
P38987	21.22
P38988	2.33
P38989	14.62
P38990	69.44
P38991	25.89
P38992	16.05
P38993	9.75
P38994	57.00
P38995	10.96
P38996	72.82
P38998	0.80
P38999	0.22
P39000	39.06
P39001	75.72
P39002	2.16
P39003	12.98
P39004	12.98
P39005	17.75
P39006	25.40
P39007	9.47
P39008	36.03
P39009	21.25
P39010	12.96
P39011	6.79
P39012	8.63
P39013	22.92
P39014	24.22
P39015	62.27
P39016	58.44
P39073	33.33
P39076	2.47
P39077	1.69
P39078	3.22
P39079	2.56
P39081	56.07
P39083	63.85
P39101	19.95
P39102	21.57
P39103	24.29
P39104	48.59
P39105	13.55
P39106	16.93
P39107	13.16
P39108	3.73
P39109	12.34
P39110	1.05
P39111	3.39
P39112	8.36
P39113	62.39
P39515	10.76
P39516	12.32
P39517	19.96
P39518	2.82
P39520	83.13
P39521	74.79
P39522	3.93
P39523	90.46
P39524	21.85
P39525	0.23
P39526	17.87
P39529	35.88
P39531	14.05
P39532	7.83
P39533	3.80
P39534	1.85
P39535	24.74
P39538	39.71
P39540	7.42
P39541	0.00
P39542	13.43
P39543	13.68
P39545	40.00
P39547	19.57
P39548	21.37
P39549	22.97
P39550	0.88
P39551	14.77
P39552	15.38
P39557	2.83
P39559	0.00
P39563	0.00
P39564	0.62
P39566	0.00
P39567	0.99
P39676	0.25
P39677	22.10
P39678	49.46
P39682	10.97
P39683	2.80
P39684	31.42
P39685	10.32
P39692	3.77
P39702	10.36
P39703	2.33
P39704	13.95
P39705	89.05
P39706	9.39
P39707	1.09
P39708	0.22
P39709	15.68
P39710	6.86
P39711	4.26
P39712	78.74
P39713	8.15
P39714	1.31
P39715	37.74
P39717	24.55
P39718	27.78
P39719	24.78
P39720	33.72
P39721	0.81
P39722	12.54
P39723	32.32
P39724	33.90
P39725	0.98
P39726	19.41
P39727	6.51
P39728	5.99
P39729	3.52
P39730	39.62
P39731	16.61
P39732	45.26
P39734	55.11
P39735	12.64
P39742	2.59
P39743	32.57
P39744	29.58
P39875	52.56
P39904	20.75
P39923	32.52
P39924	12.06
P39925	23.39
P39926	18.64
P39927	52.24
P39928	25.41
P39929	23.75
P39931	23.93
P39932	12.83
P39933	3.73
P39935	79.73
P39936	76.15
P39937	3.86
P39938	19.33
P39939	18.49
P39940	30.90
P39943	77.16
P39944	26.09
P39945	5.58
P39946	8.30
P39952	35.57
P39953	8.96
P39954	0.89
P39955	57.30
P39956	53.77
P39958	6.21
P39959	67.72
P39960	49.42
P39961	24.43
P39962	33.59
P39965	1.56
P39966	31.90
P39967	51.72
P39968	8.65
P39969	72.69
P39970	77.71
P39971	3.70
P39972	3.28
P39973	3.57
P39974	2.80
P39975	1.30
P39976	2.82
P39977	4.55
P39978	7.69
P39979	6.21
P39980	14.97
P39981	15.62
P39982	3.92
P39983	4.72
P39984	10.72
P39985	19.08
P39986	12.92
P39987	8.23
P39988	0.00
P39989	14.38
P39990	2.38
P39991	8.42
P39992	12.46
P39993	25.63
P39994	2.14
P39995	12.90
P39996	22.55
P39997	13.18
P39998	36.30
P39999	0.99
P40000	3.45
P40001	0.79
P40002	74.62
P40003	27.30
P40004	11.11
P40005	0.90
P40006	23.56
P40007	38.53
P40008	2.60
P40009	17.14
P40010	33.27
P40011	0.43
P40012	8.16
P40013	45.64
P40014	0.90
P40015	14.26
P40016	16.44
P40017	26.00
P40018	55.61
P40019	58.17
P40020	70.89
P40021	90.33
P40022	32.97
P40023	25.52
P40024	15.41
P40025	8.41
P40026	13.79
P40028	38.87
P40029	6.52
P40030	4.05
P40031	6.99
P40032	21.58
P40033	22.46
P40034	3.25
P40035	2.67
P40036	63.87
P40037	2.33
P40038	58.33
P40039	9.47
P40040	63.30
P40041	37.82
P40042	0.00
P40043	6.83
P40045	1.59
P40046	7.75
P40047	8.46
P40048	53.12
P40049	5.96
P40050	6.98
P40051	9.00
P40052	42.38
P40053	10.37
P40054	10.02
P40055	17.15
P40056	31.23
P40057	25.78
P40058	5.20
P40059	82.69
P40060	8.00
P40061	32.17
P40062	1.83
P40063	39.90
P40064	20.06
P40065	34.77
P40066	7.40
P40068	87.86
P40069	8.18
P40070	49.73
P40071	11.05
P40072	61.31
P40073	46.87
P40074	13.17
P40075	32.79
P40076	20.18
P40077	20.07
P40078	4.98
P40079	41.18
P40080	30.54
P40081	0.56
P40082	0.77
P40083	18.24
P40084	22.57
P40085	21.22
P40086	23.05
P40087	16.59
P40088	20.54
P40089	9.68
P40090	1.60
P40091	30.24
P40092	62.16
P40093	3.25
P40094	20.97
P40095	79.41
P40096	35.92
P40097	0.93
P40098	20.08
P40099	0.47
P40100	10.23
P40101	1.63
P40102	8.51
P40103	9.21
P40104	2.46
P40105	23.26
P40106	1.20
P40107	9.50
P40150	1.47
P40151	20.10
P40152	9.20
P40154	79.69
P40155	2.51
P40156	52.34
P40157	20.59
P40159	60.80
P40160	24.00
P40161	39.12
P40162	4.29
P40163	0.49
P40164	28.55
P40165	0.81
P40166	8.00
P40167	15.44
P40168	34.48
P40169	34.88
P40185	9.66
P40186	37.19
P40187	70.26
P40188	6.71
P40202	3.61
P40204	1.30
P40206	8.65
P40207	0.42
P40208	33.19
P40209	44.29
P40210	61.15
P40211	6.86
P40212	8.54
P40214	47.08
P40215	16.43
P40217	3.17
P40218	16.59
P40219	25.00
P40260	13.01
P40302	1.28
P40303	6.69
P40308	4.98
P40309	23.83
P40310	24.46
P40312	25.00
P40314	14.77
P40316	70.78
P40317	53.27
P40318	22.21
P40319	17.97
P40323	1.24
P40325	51.01
P40326	0.93
P40327	12.81
P40328	46.15
P40335	9.23
P40339	1.86
P40340	52.94
P40341	27.88
P40342	2.05
P40343	55.31
P40344	27.42
P40345	11.95
P40347	3.11
P40348	5.95
P40350	8.68
P40351	9.19
P40352	37.51
P40353	3.43
P40354	14.00
P40355	8.98
P40356	72.80
P40357	79.11
P40358	11.01
P40359	9.86
P40360	12.89
P40361	20.38
P40362	23.91
P40363	0.00
P40364	17.06
P40365	4.31
P40366	35.93
P40367	5.54
P40368	19.50
P40395	11.36
P40413	5.52
P40414	0.00
P40416	14.64
P40422	30.00
P40433	45.95
P40434	27.25
P40438	9.62
P40440	43.12
P40441	4.38
P40442	100.00
P40445	10.15
P40446	0.00
P40447	0.50
P40448	0.85
P40449	40.43
P40450	46.33
P40451	44.12
P40452	28.93
P40453	39.03
P40454	19.34
P40455	18.72
P40456	36.49
P40457	64.68
P40458	42.72
P40459	0.00
P40460	25.62
P40461	4.65
P40462	0.32
P40463	82.57
P40464	1.29
P40465	9.39
P40466	48.55
P40467	46.78
P40468	31.27
P40469	3.00
P40470	26.70
P40471	4.71
P40472	32.35
P40473	75.78
P40474	17.16
P40475	19.36
P40476	72.33
P40477	64.45
P40478	0.36
P40479	30.62
P40480	39.06
P40481	17.51
P40482	16.74
P40483	7.76
P40484	38.54
P40485	45.19
P40486	20.51
P40487	12.71
P40488	3.96
P40489	49.61
P40490	13.68
P40491	1.94
P40492	9.69
P40493	33.93
P40494	63.09
P40495	5.39
P40496	28.03
P40497	19.59
P40498	22.61
P40499	5.91
P40500	15.61
P40501	18.16
P40502	35.03
P40503	14.71
P40504	11.61
P40505	48.32
P40506	16.16
P40507	51.11
P40508	36.25
P40509	0.34
P40510	10.02
P40511	7.79
P40512	14.64
P40513	27.07
P40514	9.73
P40515	15.48
P40516	13.23
P40517	63.30
P40518	0.65
P40519	2.78
P40520	0.83
P40521	2.13
P40522	42.97
P40523	53.43
P40524	1.90
P40525	10.74
P40526	12.65
P40527	17.38
P40528	25.17
P40529	56.38
P40530	13.96
P40531	18.40
P40532	3.62
P40533	6.55
P40534	16.46
P40535	71.04
P40536	20.34
P40537	71.66
P40538	1.41
P40539	1.52
P40540	10.64
P40541	30.26
P40542	2.42
P40543	32.80
P40544	23.41
P40545	1.15
P40546	48.27
P40547	18.89
P40548	35.85
P40549	8.73
P40550	11.55
P40551	0.88
P40552	65.43
P40553	27.91
P40554	0.00
P40555	17.27
P40556	18.50
P40557	16.41
P40558	7.51
P40559	8.35
P40560	6.04
P40561	38.00
P40562	40.89
P40563	99.85
P40564	25.46
P40565	22.97
P40566	9.69
P40567	20.72
P40568	71.88
P40569	38.84
P40570	14.88
P40571	15.97
P40572	24.53
P40573	31.02
P40574	49.80
P40575	1.00
P40576	22.22
P40577	50.27
P40578	54.72
P40579	0.00
P40580	0.00
P40581	1.23
P40582	0.85
P40583	24.77
P40584	0.91
P40585	29.03
P40586	1.27
P40587	0.87
P40588	13.11
P40693	5.90
P40825	4.58
P40850	11.93
P40851	11.92
P40856	52.55
P40857	7.83
P40858	26.71
P40884	0.34
P40885	12.17
P40886	12.83
P40889	27.25
P40890	9.36
P40891	6.00
P40892	1.02
P40893	3.54
P40895	4.20
P40896	0.91
P40897	10.76
P40898	4.76
P40917	45.76
P40955	17.69
P40956	59.34
P40957	20.96
P40958	1.02
P40959	26.42
P40960	24.58
P40961	13.24
P40962	24.14
P40963	12.43
P40965	12.19
P40968	19.56
P40969	5.92
P40970	7.84
P40971	43.42
P40975	4.65
P40985	17.26
P40986	21.18
P40987	4.64
P40988	11.59
P40989	14.35
P40990	3.99
P40991	40.94
P40992	16.15
P40993	50.51
P40994	3.28
P41056	2.80
P41057	7.14
P41058	7.14
P41277	1.20
P41318	0.33
P41338	0.25
P41543	6.09
P41544	26.60
P41546	68.49
P41695	43.98
P41696	73.63
P41697	43.27
P41698	78.11
P41733	5.84
P41734	0.42
P41735	17.60
P41800	31.69
P41805	1.36
P41806	14.29
P41807	1.26
P41808	6.19
P41809	91.18
P41810	10.59
P41811	7.99
P41812	32.57
P41813	69.26
P41814	22.38
P41815	10.43
P41816	2.00
P41817	77.45
P41818	67.25
P41819	6.92
P41821	16.61
P41832	62.21
P41833	24.17
P41834	26.01
P41835	0.93
P41895	67.76
P41896	46.75
P41901	24.22
P41902	1.45
P41903	4.30
P41909	15.06
P41910	41.01
P41911	17.95
P41912	6.33
P41913	58.43
P41920	35.32
P41921	4.14
P41930	7.64
P41939	0.73
P41940	0.55
P41948	13.23
P42073	29.46
P42222	0.00
P42223	57.41
P42826	6.67
P42833	9.81
P42834	5.48
P42835	79.25
P42836	16.96
P42837	21.16
P42838	13.29
P42839	31.83
P42840	7.75
P42841	10.97
P42842	13.38
P42843	16.51
P42844	50.00
P42845	81.19
P42846	59.05
P42847	35.48
P42883	0.59
P42884	6.91
P42900	18.20
P42933	25.20
P42934	8.83
P42935	3.17
P42936	0.89
P42937	2.03
P42938	0.69
P42939	6.93
P42940	2.68
P42941	0.97
P42942	3.65
P42943	5.64
P42944	84.57
P42945	14.36
P42946	2.87
P42947	82.43
P42948	48.21
P42949	33.56
P42950	48.38
P42951	29.65
P43122	5.90
P43123	0.21
P43124	30.35
P43132	25.74
P43321	15.84
P43497	14.13
P43534	0.59
P43535	22.07
P43537	68.00
P43538	0.77
P43539	0.98
P43540	2.30
P43541	4.64
P43542	9.23
P43544	0.90
P43545	0.67
P43546	8.55
P43547	1.42
P43548	10.93
P43549	53.10
P43550	4.91
P43551	6.02
P43552	15.62
P43553	60.96
P43554	29.37
P43555	26.29
P43556	17.79
P43557	14.49
P43558	12.29
P43560	54.45
P43561	7.72
P43562	11.48
P43563	31.71
P43564	52.00
P43565	63.95
P43566	25.47
P43567	0.52
P43568	6.52
P43569	3.11
P43570	7.65
P43571	12.93
P43572	41.83
P43573	75.63
P43574	71.18
P43575	26.23
P43576	2.56
P43577	0.63
P43578	9.15
P43579	39.74
P43580	8.78
P43581	10.07
P43582	54.03
P43583	18.01
P43585	21.74
P43586	58.82
P43587	74.19
P43588	12.09
P43589	5.80
P43590	12.71
P43591	11.90
P43592	18.55
P43593	16.63
P43594	18.24
P43595	14.36
P43596	35.07
P43597	92.30
P43598	25.13
P43599	10.19
P43600	6.90
P43601	30.40
P43602	47.61
P43603	39.65
P43604	7.69
P43605	4.98
P43606	24.78
P43607	25.61
P43608	5.26
P43609	46.50
P43610	37.87
P43611	21.37
P43612	47.01
P43613	25.42
P43614	2.00
P43615	5.49
P43616	0.83
P43617	9.06
P43618	43.77
P43619	0.34
P43620	48.19
P43621	24.54
P43622	2.08
P43623	2.65
P43624	4.92
P43625	29.80
P43633	59.87
P43634	22.53
P43635	6.58
P43636	2.78
P43637	36.43
P43638	63.16
P43639	20.50
P43682	8.25
P45818	21.99
P45819	14.04
P45820	0.91
P45976	76.45
P45978	73.93
P46151	7.46
P46367	9.44
P46654	7.14
P46655	5.37
P46669	40.49
P46670	14.18
P46671	2.94
P46672	23.67
P46673	13.17
P46674	48.96
P46675	38.29
P46676	76.37
P46677	51.59
P46678	74.75
P46679	28.47
P46680	0.33
P46681	8.87
P46682	29.67
P46683	9.50
P46784	10.48
P46943	12.40
P46944	19.20
P46945	9.93
P46946	34.49
P46947	34.59
P46948	3.25
P46949	88.00
P46950	21.76
P46951	7.71
P46954	25.21
P46955	23.15
P46956	7.07
P46957	10.06
P46958	23.03
P46959	17.23
P46961	2.50
P46962	17.96
P46963	24.66
P46964	16.92
P46965	7.45
P46969	2.52
P46970	9.35
P46971	10.10
P46972	18.08
P46973	16.46
P46974	58.99
P46982	11.77
P46983	29.01
P46984	18.70
P46985	15.40
P46986	1.90
P46987	23.90
P46988	0.00
P46989	21.40
P46990	13.59
P46991	0.59
P46992	16.92
P46993	17.22
P46994	2.46
P46995	39.84
P46996	22.88
P46997	48.71
P46998	13.89
P46999	45.64
P47001	28.19
P47002	24.32
P47003	4.20
P47004	7.00
P47005	18.55
P47006	30.90
P47007	11.52
P47008	6.46
P47009	47.12
P47010	4.62
P47011	23.42
P47012	0.00
P47013	8.56
P47014	3.07
P47015	32.87
P47016	1.30
P47017	22.09
P47018	45.19
P47019	34.29
P47020	0.93
P47021	0.93
P47022	7.76
P47023	14.49
P47024	34.33
P47025	19.05
P47026	4.69
P47027	41.23
P47028	4.10
P47029	65.49
P47030	81.29
P47031	21.07
P47032	40.47
P47033	84.00
P47034	6.11
P47035	91.93
P47036	10.87
P47037	16.91
P47038	0.76
P47039	5.18
P47040	7.84
P47041	59.48
P47042	38.98
P47043	46.82
P47044	12.24
P47045	38.49
P47046	61.80
P47047	14.54
P47048	22.22
P47049	36.36
P47050	11.28
P47051	12.22
P47052	5.36
P47053	3.11
P47054	15.09
P47055	7.31
P47056	0.89
P47057	8.98
P47058	4.80
P47059	0.00
P47061	10.58
P47062	10.81
P47063	11.59
P47064	17.01
P47065	11.24
P47066	3.92
P47068	73.21
P47069	31.09
P47072	40.11
P47073	3.19
P47074	45.05
P47075	14.84
P47076	16.15
P47077	18.47
P47078	0.93
P47079	5.46
P47080	11.54
P47081	19.49
P47082	27.57
P47083	55.82
P47084	4.24
P47085	5.03
P47086	8.43
P47087	34.78
P47088	5.96
P47089	24.75
P47090	14.90
P47091	5.00
P47092	0.91
P47093	2.75
P47094	18.05
P47095	7.79
P47096	2.26
P47098	34.36
P47099	55.23
P47100	34.87
P47101	39.60
P47102	22.02
P47103	0.51
P47104	16.95
P47105	7.87
P47106	9.17
P47107	4.46
P47108	6.22
P47110	61.14
P47111	17.14
P47112	15.07
P47113	70.21
P47114	44.87
P47115	68.64
P47116	58.68
P47117	8.69
P47118	10.64
P47119	1.02
P47120	5.23
P47121	10.66
P47122	23.90
P47123	11.47
P47124	22.47
P47125	14.57
P47126	0.92
P47127	24.62
P47128	15.93
P47129	53.72
P47130	1.18
P47131	1.90
P47132	1.72
P47133	1.03
P47134	64.99
P47135	62.14
P47136	80.93
P47137	0.71
P47138	9.88
P47139	35.52
P47140	21.71
P47141	12.41
P47142	4.95
P47143	0.59
P47144	21.38
P47145	4.27
P47146	0.81
P47147	18.60
P47148	11.66
P47149	5.97
P47150	15.79
P47151	2.31
P47152	24.26
P47153	6.45
P47154	4.42
P47155	33.99
P47156	13.32
P47157	0.00
P47158	25.15
P47159	13.39
P47160	66.18
P47161	9.86
P47162	10.92
P47163	0.59
P47164	8.45
P47165	3.83
P47166	43.42
P47167	3.35
P47168	6.65
P47169	10.61
P47170	39.77
P47171	25.12
P47172	3.75
P47173	3.22
P47174	5.13
P47175	33.24
P47176	0.53
P47177	4.70
P47178	63.09
P47179	100.00
P47180	5.82
P47181	4.62
P47182	5.21
P47183	0.59
P47184	2.50
P47185	12.87
P47187	9.40
P47188	1.72
P47190	6.91
P47771	1.98
P47818	28.88
P47821	8.36
P47822	3.57
P47912	1.44
P47976	69.54
P47977	56.84
P47988	21.74
P48015	2.50
P48016	12.39
P48164	4.21
P48231	16.38
P48232	11.76
P48234	30.41
P48235	10.43
P48236	19.44
P48237	12.73
P48238	4.15
P48239	1.97
P48240	12.40
P48353	45.98
P48360	4.26
P48361	65.36
P48362	9.64
P48363	12.56
P48365	25.47
P48412	61.24
P48415	84.19
P48439	10.29
P48445	4.49
P48510	50.67
P48524	42.62
P48525	7.84
P48526	6.19
P48527	14.84
P48558	13.80
P48559	41.49
P48560	15.69
P48561	45.33
P48562	47.51
P48563	24.08
P48564	18.32
P48565	23.64
P48566	36.49
P48567	16.38
P48568	28.88
P48569	25.00
P48570	9.11
P48581	18.95
P48582	25.00
P48589	12.59
P48606	0.94
P48743	44.14
P48813	19.00
P48836	1.75
P48837	60.26
P49017	15.64
P49018	22.87
P49089	5.94
P49090	6.47
P49095	7.25
P49166	11.36
P49167	1.28
P49334	33.55
P49367	7.36
P49435	2.67
P49573	57.14
P49626	8.29
P49686	93.26
P49687	47.38
P49704	29.35
P49723	21.45
P49775	12.14
P49954	2.41
P49955	8.55
P49956	28.88
P49957	14.34
P49960	19.37
P50076	10.48
P50077	29.57
P50078	74.12
P50079	13.62
P50080	14.36
P50082	38.79
P50083	2.90
P50084	15.33
P50085	18.06
P50086	0.44
P50087	12.02
P50088	22.11
P50089	58.22
P50090	42.06
P50091	45.14
P50094	4.01
P50095	4.02
P50101	13.50
P50102	2.97
P50104	36.67
P50105	51.80
P50106	43.07
P50107	0.92
P50108	16.28
P50109	68.63
P50110	10.09
P50111	90.27
P50112	12.69
P50113	5.51
P50263	15.19
P50264	3.94
P50273	9.36
P50275	44.29
P50276	13.59
P50277	2.71
P50278	9.35
P50623	1.27
P50861	2.96
P50873	29.54
P50874	7.31
P50875	65.40
P50896	73.48
P50942	28.83
P50943	2.11
P50944	33.80
P50945	7.26
P50946	25.63
P50947	47.88
P51401	1.57
P51402	11.36
P51533	15.15
P51534	11.15
P51601	19.75
P51862	43.66
P51979	25.78
P51996	19.82
P51998	24.48
P52286	24.23
P52290	7.05
P52488	18.87
P52489	0.59
P52490	2.61
P52491	7.98
P52492	4.49
P52553	5.26
P52593	10.45
P52867	7.00
P52868	10.60
P52870	42.68
P52871	47.73
P52891	5.79
P52892	4.54
P52893	17.06
P52910	4.25
P52911	17.44
P52917	8.70
P52918	9.31
P52919	29.78
P52920	7.32
P52923	0.79
P52924	10.43
P52960	32.73
P53008	8.52
P53009	26.87
P53010	13.27
P53011	9.74
P53012	13.95
P53032	47.83
P53035	74.35
P53036	36.43
P53037	38.49
P53038	16.72
P53039	27.82
P53040	13.57
P53043	4.09
P53044	34.90
P53045	11.33
P53046	33.33
P53047	12.62
P53048	16.56
P53049	18.08
P53050	70.83
P53051	1.36
P53053	8.68
P53054	2.86
P53056	1.32
P53057	13.33
P53058	7.77
P53059	5.91
P53060	35.27
P53061	14.35
P53062	26.90
P53063	2.84
P53064	44.98
P53065	13.50
P53066	18.78
P53067	6.67
P53068	21.20
P53069	1.92
P53070	5.23
P53071	1.69
P53072	18.34
P53073	15.79
P53074	1.36
P53075	26.69
P53076	40.92
P53077	26.83
P53078	2.50
P53079	6.24
P53080	56.57
P53081	1.74
P53082	15.00
P53083	44.44
P53084	1.39
P53085	6.19
P53086	33.66
P53087	6.21
P53088	11.14
P53089	1.98
P53090	8.60
P53091	27.63
P53092	8.33
P53093	21.70
P53094	63.35
P53095	0.23
P53096	13.72
P53097	4.85
P53098	8.77
P53099	14.51
P53100	2.11
P53101	6.02
P53102	4.11
P53103	0.00
P53104	46.38
P53105	14.78
P53106	0.00
P53107	21.59
P53108	25.16
P53109	15.26
P53110	2.70
P53111	0.58
P53112	40.47
P53113	3.56
P53114	22.53
P53115	47.95
P53116	0.99
P53117	5.79
P53118	23.80
P53119	8.68
P53120	23.38
P53121	28.43
P53122	7.83
P53123	15.94
P53124	48.27
P53125	45.65
P53126	9.01
P53127	41.27
P53128	3.83
P53129	33.39
P53130	15.87
P53131	8.34
P53132	1.38
P53133	5.66
P53134	14.76
P53135	53.29
P53136	14.47
P53137	39.58
P53138	4.67
P53139	59.29
P53140	19.04
P53141	8.72
P53142	8.85
P53143	9.15
P53144	4.19
P53145	29.69
P53146	20.82
P53147	71.01
P53148	50.38
P53150	42.76
P53151	1.65
P53152	0.73
P53153	11.31
P53154	8.39
P53155	24.93
P53156	18.75
P53157	21.54
P53158	48.17
P53159	19.12
P53160	0.93
P53161	1.68
P53162	0.65
P53163	39.18
P53164	2.08
P53165	64.08
P53166	16.58
P53167	0.00
P53168	44.13
P53169	20.12
P53170	26.68
P53171	7.32
P53172	36.43
P53173	12.32
P53174	18.14
P53175	10.89
P53176	15.38
P53177	17.22
P53178	1.98
P53179	36.90
P53181	0.00
P53182	2.99
P53183	0.86
P53184	0.00
P53185	31.02
P53186	10.74
P53187	7.94
P53188	19.17
P53189	31.18
P53190	0.00
P53191	80.94
P53192	17.87
P53193	0.00
P53194	7.20
P53195	15.41
P53196	0.00
P53197	43.82
P53198	6.48
P53199	0.57
P53200	6.45
P53201	31.30
P53202	5.38
P53203	28.57
P53204	27.34
P53205	3.70
P53206	10.43
P53207	38.39
P53208	4.57
P53209	13.16
P53210	19.53
P53211	15.60
P53212	4.14
P53213	11.01
P53214	84.57
P53215	0.84
P53216	4.00
P53217	10.43
P53218	1.90
P53219	14.33
P53220	26.78
P53221	9.45
P53222	38.79
P53223	8.79
P53224	28.38
P53225	1.94
P53226	72.76
P53227	64.58
P53228	3.00
P53229	3.33
P53230	19.74
P53231	14.41
P53232	2.80
P53233	5.96
P53234	42.05
P53235	24.30
P53236	49.57
P53237	14.46
P53238	41.19
P53239	15.51
P53240	0.82
P53241	16.86
P53242	23.97
P53243	25.00
P53244	30.38
P53245	0.90
P53246	18.26
P53247	2.44
P53248	1.19
P53249	34.86
P53250	15.36
P53251	45.71
P53252	33.63
P53253	36.65
P53254	16.57
P53255	5.33
P53256	0.45
P53257	3.50
P53258	26.32
P53259	20.52
P53260	20.22
P53261	38.18
P53262	23.77
P53263	2.68
P53264	12.81
P53265	1.50
P53266	25.45
P53267	69.39
P53268	0.78
P53269	23.94
P53270	4.41
P53271	4.58
P53272	8.46
P53273	25.00
P53274	43.04
P53275	0.00
P53276	15.15
P53277	25.12
P53278	56.50
P53279	18.39
P53280	19.43
P53281	52.28
P53282	0.00
P53283	24.10
P53284	0.00
P53285	0.64
P53286	49.51
P53287	0.00
P53288	39.90
P53289	53.23
P53290	8.80
P53291	2.70
P53292	24.06
P53293	9.31
P53294	0.99
P53295	3.26
P53296	4.86
P53297	74.79
P53298	28.57
P53299	28.57
P53300	3.42
P53301	46.75
P53302	3.31
P53303	18.52
P53304	0.85
P53305	23.64
P53306	3.94
P53307	0.88
P53308	0.88
P53309	53.87
P53310	1.96
P53311	22.60
P53312	6.79
P53313	36.25
P53314	13.39
P53315	0.39
P53316	29.07
P53317	41.33
P53318	5.85
P53319	2.64
P53320	7.38
P53321	3.42
P53322	16.85
P53323	2.68
P53324	9.67
P53325	1.47
P53326	12.55
P53327	8.24
P53329	47.70
P53330	35.03
P53331	11.39
P53332	9.84
P53333	20.80
P53334	27.46
P53335	51.29
P53336	16.13
P53337	12.90
P53338	6.13
P53339	2.04
P53340	2.74
P53341	1.03
P53342	3.27
P53343	28.33
P53344	9.19
P53378	7.40
P53379	27.01
P53388	14.80
P53389	16.21
P53390	12.27
P53394	15.25
P53397	14.63
P53427	26.67
P53437	11.78
P53438	86.24
P53507	5.00
P53538	2.43
P53540	13.12
P53541	2.22
P53549	15.10
P53550	76.39
P53551	57.36
P53552	33.75
P53583	0.37
P53584	18.74
P53598	6.69
P53599	40.09
P53600	1.06
P53604	68.57
P53615	4.98
P53616	32.14
P53617	41.91
P53622	9.33
P53628	29.51
P53629	29.75
P53630	4.22
P53631	12.06
P53632	39.55
P53633	10.80
P53685	21.87
P53686	18.77
P53687	26.40
P53688	8.65
P53691	0.54
P53717	8.96
P53718	46.59
P53719	30.66
P53720	9.64
P53721	16.07
P53722	2.64
P53723	13.12
P53724	27.34
P53725	46.77
P53726	3.36
P53727	1.89
P53728	15.26
P53729	15.62
P53730	3.81
P53731	11.11
P53732	45.75
P53733	35.16
P53734	25.76
P53735	38.35
P53736	10.55
P53737	6.34
P53738	0.74
P53739	66.18
P53740	11.20
P53741	57.86
P53742	18.93
P53743	53.48
P53744	9.27
P53745	6.03
P53746	10.15
P53747	25.11
P53748	7.34
P53749	25.86
P53750	1.38
P53751	8.51
P53752	4.82
P53753	33.21
P53754	10.29
P53755	33.95
P53756	6.68
P53757	0.88
P53758	1.19
P53759	13.71
P53769	50.97
P53819	21.79
P53820	51.92
P53821	2.38
P53822	8.40
P53823	0.90
P53824	0.67
P53825	2.29
P53826	0.00
P53827	0.87
P53828	3.85
P53829	27.61
P53830	28.07
P53831	1.63
P53832	70.97
P53833	9.74
P53834	0.00
P53835	7.72
P53836	67.36
P53837	3.82
P53838	12.50
P53839	0.86
P53840	40.87
P53841	0.76
P53842	0.00
P53843	34.90
P53844	13.43
P53845	23.89
P53846	26.77
P53847	19.36
P53848	7.77
P53849	0.65
P53850	48.38
P53851	8.06
P53852	9.65
P53853	21.97
P53854	20.11
P53855	42.90
P53856	4.20
P53857	44.13
P53858	91.03
P53859	19.52
P53860	11.40
P53861	58.84
P53862	0.78
P53863	48.47
P53864	0.74
P53865	17.90
P53866	59.06
P53867	23.89
P53868	5.05
P53869	2.33
P53870	17.03
P53871	10.64
P53872	100.00
P53873	0.28
P53874	50.88
P53875	5.70
P53876	18.52
P53877	21.44
P53878	8.35
P53879	36.25
P53880	1.38
P53881	36.25
P53882	86.32
P53883	54.34
P53884	2.63
P53885	74.59
P53886	30.72
P53887	0.82
P53888	1.53
P53889	3.47
P53890	77.90
P53891	29.80
P53892	43.59
P53893	23.96
P53894	45.63
P53895	16.96
P53896	7.58
P53897	70.24
P53898	29.77
P53899	15.69
P53900	3.88
P53901	67.73
P53902	1.48
P53903	33.33
P53904	7.87
P53905	20.00
P53906	8.00
P53907	56.62
P53908	15.38
P53909	0.29
P53910	2.65
P53911	76.47
P53912	0.53
P53913	31.21
P53914	16.95
P53915	0.83
P53916	7.37
P53917	38.61
P53918	33.43
P53919	69.72
P53920	11.33
P53921	33.91
P53922	1.24
P53923	19.68
P53924	59.58
P53925	12.11
P53926	0.81
P53927	39.09
P53928	1.10
P53929	7.41
P53930	8.41
P53932	44.86
P53933	26.24
P53934	8.25
P53935	87.66
P53936	0.63
P53937	15.38
P53938	27.05
P53939	41.03
P53940	35.61
P53941	0.69
P53942	11.40
P53943	22.70
P53944	3.50
P53946	18.28
P53947	73.42
P53948	5.45
P53949	11.68
P53950	84.81
P53951	2.48
P53952	45.56
P53953	11.87
P53954	16.97
P53955	41.31
P53956	2.33
P53957	3.77
P53958	80.81
P53959	22.05
P53960	1.32
P53961	6.11
P53962	13.62
P53963	18.46
P53964	5.28
P53965	23.13
P53966	17.05
P53967	4.76
P53968	83.92
P53969	2.69
P53970	5.28
P53971	30.67
P53972	8.78
P53973	10.91
P53974	52.82
P53975	5.28
P53976	18.63
P53977	2.68
P53978	6.32
P53979	1.60
P53980	10.81
P53981	0.41
P53982	3.10
P53983	28.85
P54000	72.95
P54003	32.78
P54005	17.56
P54007	0.53
P54070	20.85
P54072	30.90
P54074	32.85
P54113	0.51
P54114	3.75
P54115	7.00
P54199	58.38
P54730	17.07
P54780	0.98
P54781	10.22
P54783	2.47
P54784	36.32
P54785	56.73
P54786	90.23
P54787	29.27
P54790	13.31
P54791	17.39
P54837	7.11
P54838	4.28
P54839	8.76
P54854	12.87
P54857	8.28
P54858	47.74
P54860	7.91
P54861	20.74
P54862	12.17
P54867	59.52
P54885	0.22
P54964	27.51
P54999	10.47
P56508	26.58
P56628	16.39
P57743	7.87
P57744	14.94
P60010	0.53
P61829	0.00
P61830	1.47
P62651	5.88
P69771	10.78
P69850	13.83
P69851	8.33
P69852	8.70
P80210	0.00
P80235	6.11
P80428	1.43
P80667	41.71
P80967	14.00
P81449	8.33
P81450	1.69
P81451	26.47
P85052	0.00
P87012	9.80
P87108	19.35
P87191	0.81
P87261	5.47
P87262	10.74
P87263	0.00
P87264	0.93
P87266	0.52
P87267	5.69
P87268	1.60
P87269	67.12
P87270	2.31
P87271	27.45
P87272	0.87
P87273	4.50
P87274	0.64
P87275	29.93
P87280	0.92
P87281	0.93
P87282	0.81
P87283	2.44
P87284	3.64
P87285	2.00
P87286	1.39
P87287	10.61
P87288	1.85
P89102	21.73
P89105	13.56
P89113	1.64
P89114	5.49
P89495	1.80
P89886	0.00
P89888	9.85
P90471	0.00
Q00055	8.95
Q00245	17.32
Q00246	39.18
Q00362	16.16
Q00381	0.00
Q00402	95.41
Q00416	35.28
Q00453	61.14
Q00539	47.80
Q00578	27.16
Q00582	1.29
Q00590	8.00
Q00618	3.98
Q00684	38.48
Q00711	6.25
Q00723	12.40
Q00764	4.65
Q00772	21.69
Q00776	14.32
Q00816	83.14
Q00873	27.23
Q00916	32.67
Q00947	58.77
Q00955	15.72
Q01080	10.84
Q01159	12.64
Q01163	14.67
Q01217	11.12
Q01329	30.06
Q01389	68.74
Q01448	87.36
Q01454	14.67
Q01476	26.26
Q01477	61.51
Q01519	4.82
Q01532	6.63
Q01560	60.87
Q01574	6.87
Q01589	99.70
Q01590	31.76
Q01649	16.67
Q01662	6.98
Q01684	3.66
Q01722	49.25
Q01766	9.52
Q01802	3.99
Q01846	34.78
Q01852	22.04
Q01855	7.75
Q01896	12.01
Q01919	63.62
Q01926	29.57
Q01939	3.95
Q01976	12.55
Q02046	1.88
Q02100	86.55
Q02159	1.21
Q02196	0.50
Q02197	7.78
Q02199	63.14
Q02201	16.07
Q02202	2.65
Q02203	23.81
Q02204	14.39
Q02205	25.00
Q02206	38.40
Q02207	2.67
Q02208	79.38
Q02209	21.25
Q02217	4.50
Q02256	20.33
Q02260	33.56
Q02326	9.09
Q02336	11.29
Q02354	10.00
Q02455	79.25
Q02457	37.19
Q02486	24.04
Q02516	50.83
Q02521	49.73
Q02554	36.24
Q02555	24.20
Q02574	29.75
Q02590	8.22
Q02598	2.88
Q02606	68.24
Q02608	13.22
Q02629	84.25
Q02630	86.43
Q02642	24.20
Q02647	4.35
Q02648	19.22
Q02651	8.98
Q02659	8.11
Q02685	26.97
Q02710	61.50
Q02721	1.89
Q02724	59.58
Q02725	24.43
Q02732	16.26
Q02733	2.40
Q02749	25.60
Q02753	3.75
Q02754	0.00
Q02767	13.22
Q02770	40.20
Q02771	13.08
Q02772	5.56
Q02773	11.40
Q02774	18.57
Q02775	35.86
Q02776	40.55
Q02781	8.96
Q02783	23.73
Q02784	20.67
Q02785	13.43
Q02786	0.99
Q02792	32.90
Q02793	0.25
Q02794	44.82
Q02795	11.89
Q02796	73.19
Q02799	75.08
Q02803	2.74
Q02804	2.53
Q02805	59.62
Q02820	3.77
Q02821	20.11
Q02825	28.91
Q02826	1.85
Q02831	47.92
Q02863	23.05
Q02864	16.03
Q02866	51.14
Q02872	17.86
Q02873	56.85
Q02875	82.21
Q02883	12.61
Q02884	33.11
Q02887	19.15
Q02888	15.38
Q02889	15.93
Q02890	13.22
Q02891	8.55
Q02892	20.87
Q02895	0.58
Q02896	6.62
Q02908	2.69
Q02931	8.48
Q02932	5.23
Q02933	9.22
Q02939	14.62
Q02948	35.19
Q02950	18.02
Q02959	33.29
Q02961	3.28
Q02969	22.34
Q02979	22.49
Q02981	12.48
Q02983	12.40
Q03002	65.09
Q03010	12.17
Q03012	26.35
Q03016	60.82
Q03018	14.66
Q03020	22.42
Q03028	3.55
Q03029	31.39
Q03034	0.60
Q03036	5.03
Q03048	3.50
Q03049	0.29
Q03050	28.33
Q03051	5.05
Q03057	26.06
Q03063	89.60
Q03067	8.08
Q03071	1.01
Q03079	33.82
Q03080	24.68
Q03081	5.08
Q03083	14.55
Q03085	4.98
Q03088	58.42
Q03096	1.66
Q03099	25.40
Q03102	0.82
Q03103	23.27
Q03104	4.09
Q03124	27.88
Q03125	70.56
Q03144	4.91
Q03148	1.35
Q03151	11.72
Q03153	28.27
Q03161	1.68
Q03162	47.42
Q03175	9.33
Q03177	47.12
Q03178	53.08
Q03180	56.92
Q03186	1.61
Q03187	4.49
Q03193	29.68
Q03195	1.97
Q03201	18.23
Q03205	1.00
Q03207	3.97
Q03208	25.49
Q03210	24.36
Q03212	45.82
Q03213	66.62
Q03214	26.15
Q03218	29.80
Q03219	4.38
Q03220	17.50
Q03231	18.18
Q03233	39.90
Q03236	1.86
Q03246	5.06
Q03254	36.20
Q03262	1.61
Q03263	14.81
Q03264	21.94
Q03266	9.89
Q03280	41.31
Q03281	43.29
Q03289	18.45
Q03290	12.46
Q03305	11.41
Q03306	49.67
Q03308	0.13
Q03322	19.64
Q03323	72.57
Q03327	30.88
Q03330	19.13
Q03337	20.85
Q03338	24.31
Q03361	53.31
Q03362	2.68
Q03370	34.30
Q03373	67.18
Q03375	34.07
Q03388	73.96
Q03390	22.71
Q03406	26.19
Q03407	45.30
Q03418	7.98
Q03419	10.44
Q03429	16.26
Q03430	45.15
Q03433	40.36
Q03434	34.81
Q03435	44.33
Q03441	27.91
Q03446	71.90
Q03455	19.89
Q03465	71.56
Q03466	39.14
Q03480	1.46
Q03482	66.67
Q03483	52.28
Q03494	35.71
Q03496	5.63
Q03497	61.77
Q03503	5.68
Q03508	4.34
Q03516	14.38
Q03525	53.55
Q03529	11.72
Q03530	8.57
Q03532	10.69
Q03533	38.23
Q03554	0.72
Q03557	0.22
Q03558	2.25
Q03559	50.76
Q03579	8.00
Q03612	34.76
Q03619	32.02
Q03629	12.44
Q03630	0.00
Q03631	47.78
Q03640	30.16
Q03648	18.38
Q03649	11.58
Q03652	8.00
Q03653	26.98
Q03654	42.37
Q03655	23.09
Q03656	49.33
Q03660	5.26
Q03661	100.00
Q03667	51.92
Q03673	44.95
Q03674	17.14
Q03675	2.38
Q03677	0.00
Q03687	24.44
Q03690	32.50
Q03691	20.31
Q03694	50.00
Q03695	49.20
Q03697	24.21
Q03702	14.45
Q03703	55.00
Q03705	0.00
Q03707	52.64
Q03713	20.75
Q03714	12.89
Q03718	6.12
Q03722	42.02
Q03723	7.83
Q03730	19.34
Q03735	64.29
Q03750	57.06
Q03758	38.48
Q03759	7.62
Q03760	11.68
Q03761	61.60
Q03764	22.85
Q03768	26.79
Q03769	54.74
Q03770	22.65
Q03771	12.14
Q03772	43.43
Q03774	20.72
Q03776	2.02
Q03778	11.01
Q03780	78.27
Q03782	20.93
Q03783	1.05
Q03784	13.24
Q03785	35.14
Q03786	5.18
Q03787	14.21
Q03788	2.20
Q03790	71.16
Q03792	3.03
Q03795	14.44
Q03796	0.42
Q03798	22.35
Q03799	0.65
Q03818	14.67
Q03823	26.96
Q03824	37.30
Q03825	76.12
Q03829	17.66
Q03831	10.29
Q03833	57.05
Q03834	27.62
Q03835	12.80
Q03855	34.07
Q03856	55.45
Q03860	13.29
Q03862	8.43
Q03864	1.82
Q03868	40.80
Q03879	0.81
Q03880	33.61
Q03884	3.57
Q03885	0.50
Q03886	5.00
Q03888	0.82
Q03897	38.68
Q03898	26.80
Q03899	0.90
Q03900	21.62
Q03904	2.70
Q03913	0.00
Q03919	0.00
Q03920	0.00
Q03921	16.61
Q03935	64.23
Q03937	51.85
Q03940	1.08
Q03941	9.96
Q03942	0.21
Q03944	52.65
Q03954	19.39
Q03956	12.54
Q03957	41.10
Q03964	55.23
Q03973	51.63
Q03976	20.38
Q03981	0.62
Q03983	21.17
Q04002	23.78
Q04003	44.28
Q04004	13.91
Q04005	19.39
Q04006	2.23
Q04007	48.69
Q04013	7.64
Q04018	23.66
Q04019	10.19
Q04031	59.57
Q04033	5.08
Q04048	5.94
Q04049	22.63
Q04052	39.16
Q04053	38.40
Q04062	1.02
Q04066	1.15
Q04067	22.63
Q04069	1.94
Q04080	10.11
Q04081	6.10
Q04082	5.00
Q04083	14.59
Q04087	31.41
Q04089	36.25
Q04093	26.64
Q04100	0.74
Q04110	52.65
Q04116	83.57
Q04119	15.58
Q04120	1.53
Q04121	30.02
Q04149	22.63
Q04162	9.37
Q04170	8.62
Q04172	45.61
Q04174	3.49
Q04175	4.77
Q04177	33.13
Q04178	5.43
Q04179	1.76
Q04182	14.52
Q04183	21.33
Q04195	61.28
Q04199	17.74
Q04201	32.48
Q04203	0.00
Q04210	14.37
Q04212	1.19
Q04213	39.58
Q04214	32.08
Q04215	57.05
Q04216	37.72
Q04217	42.54
Q04223	5.96
Q04225	24.07
Q04226	42.49
Q04228	25.00
Q04231	4.52
Q04233	82.95
Q04235	4.11
Q04264	15.43
Q04272	23.98
Q04276	0.85
Q04279	100.00
Q04299	4.58
Q04301	6.41
Q04304	0.44
Q04305	5.65
Q04307	0.00
Q04311	39.40
Q04322	40.42
Q04329	3.15
Q04336	14.25
Q04338	7.83
Q04341	3.31
Q04344	9.49
Q04347	61.66
Q04359	59.19
Q04364	27.43
Q04368	3.39
Q04370	19.80
Q04371	0.43
Q04372	27.87
Q04373	18.29
Q04377	15.80
Q04383	51.63
Q04396	2.92
Q04398	2.36
Q04399	6.09
Q04401	26.32
Q04406	25.13
Q04408	14.29
Q04409	1.60
Q04410	37.90
Q04411	33.29
Q04412	35.68
Q04413	9.17
Q04418	52.16
Q04429	59.10
Q04430	10.63
Q04431	8.83
Q04432	0.42
Q04433	100.00
Q04434	4.82
Q04436	8.33
Q04437	13.04
Q04438	29.57
Q04439	21.25
Q04458	5.45
Q04461	43.72
Q04471	35.33
Q04472	25.35
Q04477	15.49
Q04487	35.20
Q04489	10.48
Q04491	0.34
Q04493	9.82
Q04500	67.19
Q04501	5.47
Q04502	0.82
Q04511	26.80
Q04516	15.06
Q04521	9.80
Q04526	6.94
Q04533	11.86
Q04545	59.23
Q04549	0.70
Q04562	4.02
Q04585	11.61
Q04597	1.00
Q04598	49.52
Q04599	16.49
Q04600	15.04
Q04601	15.03
Q04602	30.08
Q04603	50.51
Q04608	42.28
Q04623	9.93
Q04629	5.65
Q04632	28.83
Q04636	21.38
Q04638	8.19
Q04651	4.26
Q04658	13.55
Q04659	69.72
Q04660	25.03
Q04670	33.56
Q04673	16.70
Q04674	3.25
Q04675	2.34
Q04689	14.15
Q04693	14.92
Q04697	7.94
Q04705	15.34
Q04706	55.00
Q04711	35.04
Q04712	32.15
Q04728	3.40
Q04734	29.71
Q04739	56.12
Q04740	20.69
Q04746	16.47
Q04748	13.47
Q04749	7.51
Q04751	9.82
Q04767	2.99
Q04772	42.79
Q04773	28.97
Q04779	59.50
Q04781	9.35
Q04792	20.00
Q04806	5.46
Q04814	11.19
Q04835	22.95
Q04838	2.94
Q04839	62.77
Q04847	0.72
Q04867	6.31
Q04868	4.40
Q04869	0.00
Q04893	100.00
Q04894	0.28
Q04895	17.32
Q04897	1.98
Q04898	0.95
Q04902	0.42
Q04909	5.00
Q04921	23.64
Q04922	47.31
Q04923	13.40
Q04924	35.61
Q04925	1.93
Q04930	40.47
Q04934	47.02
Q04935	39.02
Q04947	34.24
Q04949	9.62
Q04951	26.74
Q04952	10.64
Q04958	45.21
Q04964	11.54
Q04969	3.37
Q04978	25.94
Q04991	15.08
Q05015	6.28
Q05016	3.00
Q05021	64.92
Q05022	24.41
Q05024	35.40
Q05027	17.83
Q05029	12.15
Q05031	11.57
Q05040	26.20
Q05043	16.76
Q05050	83.39
Q05080	47.23
Q05123	7.49
Q05131	14.29
Q05164	99.07
Q05166	61.55
Q05359	7.76
Q05451	3.57
Q05468	38.87
Q05471	38.51
Q05473	17.20
Q05497	34.39
Q05498	13.76
Q05503	1.00
Q05506	2.97
Q05510	4.76
Q05515	15.38
Q05518	77.76
Q05521	13.15
Q05530	14.04
Q05533	1.37
Q05541	23.10
Q05543	40.34
Q05549	9.01
Q05567	3.23
Q05568	17.80
Q05580	57.12
Q05583	0.61
Q05584	0.00
Q05610	60.55
Q05611	9.79
Q05612	1.90
Q05635	19.71
Q05636	6.23
Q05637	4.81
Q05648	29.23
Q05670	27.62
Q05672	75.05
Q05676	5.41
Q05775	54.72
Q05776	1.71
Q05777	61.42
Q05778	2.17
Q05779	16.54
Q05785	75.04
Q05787	5.28
Q05788	1.61
Q05789	12.39
Q05790	17.54
Q05791	14.17
Q05809	38.54
Q05812	94.23
Q05827	3.39
Q05854	60.40
Q05863	26.45
Q05867	38.85
Q05871	4.64
Q05874	10.34
Q05881	16.34
Q05892	0.36
Q05898	5.56
Q05899	11.63
Q05900	57.58
Q05902	11.21
Q05905	2.87
Q05911	1.66
Q05919	5.47
Q05924	7.27
Q05926	0.92
Q05930	3.34
Q05931	7.46
Q05933	0.56
Q05934	23.42
Q05937	37.61
Q05942	51.82
Q05946	0.37
Q05947	2.71
Q05948	1.23
Q05949	19.24
Q05955	1.01
Q05958	57.62
Q05979	0.00
Q05998	15.72
Q06001	39.33
Q06005	10.67
Q06010	8.08
Q06011	16.96
Q06032	70.75
Q06051	1.27
Q06053	22.60
Q06057	1.59
Q06058	7.02
Q06063	9.26
Q06070	33.77
Q06071	4.92
Q06078	11.82
Q06089	3.73
Q06090	8.57
Q06091	9.71
Q06096	23.11
Q06098	25.51
Q06102	15.87
Q06103	7.23
Q06104	19.05
Q06106	42.16
Q06107	4.44
Q06108	65.37
Q06109	9.03
Q06116	31.38
Q06127	7.14
Q06132	44.61
Q06134	17.40
Q06135	23.60
Q06137	13.16
Q06139	13.86
Q06142	1.16
Q06143	4.70
Q06144	29.63
Q06146	50.78
Q06147	30.86
Q06148	34.21
Q06149	12.84
Q06150	1.93
Q06151	11.14
Q06152	36.13
Q06156	16.33
Q06158	4.35
Q06159	19.60
Q06160	51.44
Q06162	1.96
Q06163	3.62
Q06164	37.90
Q06168	35.21
Q06169	37.67
Q06170	29.58
Q06177	4.65
Q06178	28.93
Q06179	34.67
Q06188	34.21
Q06199	10.29
Q06200	28.79
Q06201	19.68
Q06204	0.69
Q06205	45.41
Q06208	4.05
Q06211	13.57
Q06213	15.29
Q06214	22.97
Q06216	57.41
Q06217	16.36
Q06218	19.87
Q06224	13.22
Q06235	20.34
Q06236	21.43
Q06244	1.57
Q06245	15.61
Q06247	11.84
Q06251	52.07
Q06252	2.49
Q06263	39.09
Q06266	54.60
Q06267	10.43
Q06287	11.90
Q06315	65.11
Q06321	35.14
Q06324	56.01
Q06325	31.04
Q06328	19.56
Q06333	19.67
Q06336	39.14
Q06337	73.93
Q06338	24.03
Q06339	23.66
Q06340	59.43
Q06344	56.21
Q06346	16.29
Q06349	15.38
Q06350	10.18
Q06385	17.97
Q06389	3.16
Q06390	44.44
Q06405	6.93
Q06406	8.14
Q06407	62.93
Q06408	6.77
Q06409	20.03
Q06410	5.04
Q06411	21.75
Q06412	38.33
Q06417	7.98
Q06436	45.67
Q06440	32.72
Q06449	43.72
Q06451	25.08
Q06466	6.64
Q06469	27.38
Q06479	14.62
Q06485	30.46
Q06488	41.28
Q06489	2.68
Q06490	4.55
Q06493	27.31
Q06494	0.29
Q06497	16.16
Q06504	0.00
Q06505	56.10
Q06506	13.79
Q06508	13.67
Q06510	2.89
Q06511	48.00
Q06512	7.61
Q06522	0.66
Q06523	38.16
Q06524	50.49
Q06525	40.00
Q06537	2.86
Q06538	12.79
Q06541	0.31
Q06543	4.78
Q06549	2.82
Q06551	17.27
Q06554	34.96
Q06563	7.61
Q06567	8.79
Q06568	35.45
Q06580	2.45
Q06592	3.85
Q06593	8.21
Q06594	3.67
Q06595	5.53
Q06596	56.12
Q06597	0.00
Q06598	10.15
Q06604	99.65
Q06608	13.50
Q06616	34.39
Q06623	21.98
Q06624	6.63
Q06625	3.78
Q06628	70.05
Q06629	19.29
Q06630	8.41
Q06631	46.63
Q06632	13.34
Q06636	26.94
Q06639	24.97
Q06640	20.71
Q06644	6.04
Q06648	62.92
Q06651	33.92
Q06665	19.51
Q06667	3.20
Q06668	20.17
Q06671	20.97
Q06672	44.39
Q06673	39.72
Q06674	3.14
Q06675	15.76
Q06676	12.04
Q06677	59.73
Q06678	10.08
Q06679	9.79
Q06680	25.22
Q06681	61.06
Q06682	31.60
Q06683	12.63
Q06685	34.12
Q06686	44.81
Q06688	5.84
Q06689	14.07
Q06695	12.12
Q06696	23.85
Q06697	18.32
Q06698	20.84
Q06702	11.30
Q06703	11.22
Q06704	37.43
Q06705	10.29
Q06706	12.23
Q06707	0.76
Q06708	23.98
Q06709	35.42
Q06810	60.83
Q06813	9.95
Q06815	17.85
Q06817	4.37
Q06819	4.20
Q06820	46.29
Q06821	17.11
Q06822	12.19
Q06833	50.39
Q06834	29.17
Q06835	2.80
Q06836	55.71
Q06839	30.20
Q06891	1.66
Q06892	17.63
Q06991	16.73
Q07074	18.31
Q07084	59.97
Q07349	7.62
Q07350	16.92
Q07351	58.78
Q07355	21.14
Q07362	50.81
Q07376	17.28
Q07379	1.83
Q07381	30.71
Q07395	16.45
Q07410	4.26
Q07418	60.53
Q07435	0.92
Q07438	0.00
Q07442	54.08
Q07451	15.76
Q07454	34.25
Q07457	19.29
Q07458	26.19
Q07468	13.25
Q07471	7.22
Q07478	12.11
Q07500	11.56
Q07505	0.37
Q07508	8.05
Q07509	4.73
Q07521	5.56
Q07527	6.96
Q07528	38.91
Q07530	12.01
Q07532	56.09
Q07533	42.71
Q07534	12.70
Q07535	0.00
Q07540	35.63
Q07541	31.54
Q07549	50.00
Q07551	1.28
Q07555	50.86
Q07560	21.20
Q07589	4.21
Q07613	1.83
Q07622	38.84
Q07623	51.56
Q07629	44.16
Q07648	0.00
Q07649	1.09
Q07651	32.69
Q07653	99.62
Q07655	71.80
Q07657	36.84
Q07658	9.86
Q07660	21.51
Q07684	50.22
Q07688	19.76
Q07716	6.92
Q07729	7.36
Q07732	24.81
Q07738	2.44
Q07746	8.55
Q07747	5.47
Q07748	0.59
Q07786	1.12
Q07788	9.92
Q07790	0.76
Q07791	36.05
Q07793	40.84
Q07794	11.93
Q07798	10.48
Q07799	11.43
Q07800	53.63
Q07804	18.15
Q07807	58.70
Q07811	2.97
Q07821	56.40
Q07824	17.41
Q07825	13.48
Q07829	0.88
Q07830	6.59
Q07834	16.61
Q07843	3.04
Q07844	37.87
Q07845	12.82
Q07865	0.79
Q07872	36.84
Q07878	24.27
Q07879	0.00
Q07880	0.68
Q07881	4.72
Q07887	1.68
Q07888	27.87
Q07895	11.72
Q07896	24.28
Q07897	28.87
Q07904	11.85
Q07913	9.52
Q07914	19.05
Q07915	27.64
Q07921	1.25
Q07923	0.00
Q07927	3.03
Q07928	38.30
Q07930	13.24
Q07938	7.42
Q07949	50.88
Q07950	15.43
Q07951	10.61
Q07953	7.60
Q07959	30.20
Q07963	20.09
Q07967	10.65
Q07978	13.98
Q07979	32.67
Q07980	40.14
Q07986	14.29
Q07987	29.03
Q07988	46.43
Q07989	4.72
Q07990	14.91
Q07992	2.40
Q07993	1.12
Q08001	55.84
Q08003	28.50
Q08004	31.33
Q08018	5.71
Q08023	14.07
Q08027	2.29
Q08032	15.08
Q08045	32.06
Q08054	73.31
Q08058	15.94
Q08096	1.91
Q08108	14.58
Q08109	35.93
Q08110	0.81
Q08118	11.43
Q08119	34.17
Q08144	35.77
Q08157	67.15
Q08162	10.39
Q08172	6.98
Q08176	47.79
Q08179	40.49
Q08182	63.27
Q08187	39.80
Q08193	27.48
Q08199	21.62
Q08202	28.86
Q08204	6.13
Q08205	11.11
Q08206	86.07
Q08207	0.00
Q08208	57.73
Q08213	0.00
Q08214	31.58
Q08215	19.58
Q08216	1.79
Q08217	44.05
Q08218	29.49
Q08219	11.40
Q08220	0.20
Q08222	6.60
Q08223	6.08
Q08224	2.36
Q08225	0.14
Q08226	17.87
Q08227	2.34
Q08229	81.44
Q08230	30.25
Q08231	2.86
Q08232	27.95
Q08234	10.05
Q08235	13.06
Q08236	63.52
Q08237	35.99
Q08238	7.58
Q08240	1.23
Q08241	0.85
Q08245	9.73
Q08259	2.94
Q08268	18.76
Q08269	59.95
Q08270	23.15
Q08271	18.26
Q08272	1.55
Q08273	24.79
Q08278	16.67
Q08280	20.12
Q08281	52.05
Q08282	5.32
Q08285	0.83
Q08287	41.12
Q08293	4.85
Q08295	1.36
Q08299	8.58
Q08300	7.60
Q08321	0.88
Q08322	27.50
Q08347	2.94
Q08361	9.79
Q08373	1.79
Q08387	12.29
Q08409	11.55
Q08411	4.20
Q08412	71.78
Q08416	1.27
Q08417	28.27
Q08419	7.83
Q08421	17.72
Q08422	52.00
Q08428	43.36
Q08438	61.57
Q08439	0.69
Q08444	26.36
Q08446	15.19
Q08448	18.67
Q08457	7.00
Q08465	36.53
Q08471	87.76
Q08474	0.00
Q08484	38.93
Q08485	15.38
Q08486	2.88
Q08490	80.51
Q08491	35.34
Q08492	28.97
Q08496	3.01
Q08498	13.27
Q08503	3.45
Q08504	4.63
Q08521	0.99
Q08522	0.00
Q08532	0.77
Q08533	5.94
Q08540	0.65
Q08543	0.00
Q08548	13.73
Q08550	10.13
Q08553	2.13
Q08558	2.95
Q08559	0.78
Q08560	27.08
Q08561	66.38
Q08562	56.27
Q08579	16.03
Q08580	15.43
Q08581	38.25
Q08601	29.17
Q08604	11.93
Q08620	3.79
Q08621	4.27
Q08622	17.45
Q08630	1.92
Q08634	3.96
Q08641	51.43
Q08645	10.04
Q08646	31.54
Q08647	17.46
Q08649	8.09
Q08650	14.83
Q08651	4.85
Q08673	39.05
Q08681	1.00
Q08683	13.87
Q08685	4.49
Q08686	1.97
Q08687	13.48
Q08689	1.14
Q08692	6.47
Q08693	11.00
Q08702	0.92
Q08723	14.79
Q08726	14.12
Q08728	0.74
Q08729	33.95
Q08732	55.73
Q08734	6.06
Q08736	13.73
Q08741	6.60
Q08742	20.13
Q08743	13.92
Q08745	9.52
Q08746	6.90
Q08747	35.53
Q08748	22.58
Q08749	31.25
Q08750	4.80
Q08754	16.22
Q08756	7.84
Q08760	30.34
Q08773	28.12
Q08774	16.53
Q08777	20.92
Q08786	0.54
Q08789	0.72
Q08811	11.21
Q08816	33.24
Q08817	34.51
Q08818	7.23
Q08822	11.41
Q08826	19.75
Q08831	81.07
Q08842	0.82
Q08844	17.92
Q08872	4.27
Q08873	4.50
Q08886	30.66
Q08887	58.84
Q08900	3.28
Q08902	11.07
Q08903	9.82
Q08904	22.71
Q08905	8.16
Q08906	30.07
Q08907	56.37
Q08908	6.77
Q08909	7.59
Q08910	7.77
Q08911	1.06
Q08912	22.28
Q08913	7.73
Q08914	0.42
Q08915	1.36
Q08916	3.81
Q08919	8.56
Q08920	49.04
Q08921	84.36
Q08922	22.83
Q08923	78.85
Q08924	2.27
Q08925	36.11
Q08926	61.18
Q08927	5.34
Q08929	7.55
Q08930	21.67
Q08931	21.80
Q08932	73.75
Q08949	36.44
Q08951	30.15
Q08952	28.94
Q08953	1.46
Q08954	26.25
Q08955	3.85
Q08956	3.47
Q08957	31.97
Q08958	3.51
Q08959	0.00
Q08960	29.75
Q08961	4.12
Q08962	0.00
Q08963	5.88
Q08964	46.91
Q08965	44.13
Q08966	54.27
Q08967	28.25
Q08968	15.41
Q08969	81.55
Q08970	34.50
Q08971	1.37
Q08972	20.48
Q08974	17.10
Q08975	2.72
Q08976	0.00
Q08977	20.51
Q08979	33.18
Q08980	11.33
Q08981	28.71
Q08984	2.13
Q08985	0.62
Q08986	9.88
Q08989	26.69
Q08990	10.00
Q08991	8.80
Q08992	0.42
Q08993	1.26
Q08994	0.98
Q08995	31.49
Q10740	7.30
Q12000	45.51
Q12001	8.64
Q12003	14.56
Q12004	15.68
Q12006	13.76
Q12008	5.14
Q12009	16.08
Q12010	22.08
Q12012	7.17
Q12013	12.28
Q12015	30.48
Q12016	3.26
Q12017	26.92
Q12018	9.08
Q12019	35.93
Q12020	5.61
Q12021	0.59
Q12023	5.61
Q12024	2.17
Q12025	28.29
Q12026	13.89
Q12027	13.14
Q12028	10.94
Q12029	1.83
Q12030	50.00
Q12031	9.74
Q12032	11.35
Q12033	2.72
Q12034	72.26
Q12035	35.48
Q12036	7.51
Q12038	20.04
Q12039	9.77
Q12040	6.09
Q12041	3.66
Q12042	17.22
Q12043	32.31
Q12044	42.64
Q12045	15.77
Q12046	29.20
Q12047	0.00
Q12048	12.50
Q12049	35.53
Q12050	47.91
Q12051	3.88
Q12052	24.13
Q12055	9.14
Q12056	17.95
Q12057	70.92
Q12058	5.00
Q12059	0.00
Q12060	46.31
Q12063	13.07
Q12064	7.77
Q12066	36.78
Q12067	28.12
Q12068	0.00
Q12069	18.83
Q12070	0.00
Q12071	31.16
Q12072	32.76
Q12074	1.37
Q12077	0.00
Q12078	5.71
Q12079	5.05
Q12080	37.36
Q12082	6.78
Q12083	18.04
Q12084	8.19
Q12085	57.73
Q12086	17.44
Q12088	34.13
Q12089	9.24
Q12090	6.68
Q12091	24.34
Q12092	53.05
Q12093	7.19
Q12094	40.89
Q12096	5.70
Q12098	64.44
Q12099	3.01
Q12100	51.77
Q12102	21.19
Q12103	17.31
Q12104	30.79
Q12106	21.85
Q12107	14.72
Q12108	17.99
Q12109	12.04
Q12110	11.21
Q12111	0.96
Q12112	34.13
Q12113	35.20
Q12114	60.66
Q12115	3.00
Q12116	12.68
Q12117	14.69
Q12118	16.76
Q12119	9.25
Q12121	56.72
Q12122	8.64
Q12123	11.05
Q12124	67.75
Q12125	8.97
Q12127	56.39
Q12128	43.77
Q12129	3.21
Q12130	5.04
Q12132	82.10
Q12133	4.35
Q12134	3.29
Q12135	0.63
Q12136	69.34
Q12138	39.71
Q12139	36.28
Q12140	55.18
Q12141	34.81
Q12142	46.14
Q12143	11.57
Q12144	4.76
Q12145	75.39
Q12146	7.22
Q12147	3.88
Q12148	5.00
Q12149	33.97
Q12150	28.19
Q12151	63.31
Q12152	65.59
Q12153	36.87
Q12154	10.17
Q12155	1.86
Q12156	0.67
Q12157	13.94
Q12158	54.95
Q12159	53.98
Q12160	32.14
Q12161	60.59
Q12163	63.56
Q12164	11.83
Q12165	10.62
Q12166	6.29
Q12167	4.93
Q12168	11.94
Q12169	0.84
Q12171	23.15
Q12172	25.68
Q12173	33.45
Q12174	0.92
Q12175	9.99
Q12176	43.80
Q12177	0.00
Q12178	5.06
Q12179	0.88
Q12180	51.36
Q12181	2.89
Q12182	19.75
Q12184	26.16
Q12185	16.16
Q12186	48.11
Q12187	9.17
Q12188	58.53
Q12189	5.43
Q12191	66.28
Q12192	51.29
Q12193	32.40
Q12194	10.23
Q12195	7.59
Q12196	26.24
Q12198	6.96
Q12199	18.82
Q12200	6.07
Q12202	47.79
Q12204	30.07
Q12205	15.67
Q12206	15.42
Q12207	17.34
Q12208	15.17
Q12209	22.45
Q12210	0.93
Q12211	23.53
Q12212	8.68
Q12213	1.64
Q12214	1.06
Q12215	65.11
Q12216	53.86
Q12217	54.77
Q12218	84.19
Q12219	10.88
Q12220	8.38
Q12221	60.47
Q12222	4.80
Q12223	17.23
Q12224	84.02
Q12225	0.92
Q12226	2.74
Q12229	29.01
Q12230	35.19
Q12232	51.79
Q12233	10.43
Q12234	26.03
Q12235	11.30
Q12236	58.65
Q12239	17.25
Q12240	5.84
Q12241	34.63
Q12242	24.44
Q12243	6.31
Q12244	31.67
Q12245	0.68
Q12246	27.40
Q12247	27.15
Q12248	35.11
Q12249	2.16
Q12250	1.35
Q12251	0.61
Q12252	12.21
Q12253	8.89
Q12254	42.31
Q12255	9.88
Q12256	28.53
Q12257	20.00
Q12259	21.03
Q12260	50.23
Q12261	4.46
Q12262	7.18
Q12263	61.47
Q12264	7.55
Q12265	24.80
Q12266	55.91
Q12267	34.63
Q12269	34.42
Q12270	11.83
Q12271	22.49
Q12272	4.78
Q12273	34.36
Q12274	5.14
Q12275	19.11
Q12276	58.59
Q12277	0.00
Q12280	13.65
Q12281	4.85
Q12282	14.41
Q12283	0.83
Q12284	40.31
Q12285	20.75
Q12286	42.54
Q12287	36.23
Q12288	0.40
Q12289	8.87
Q12291	21.92
Q12292	24.76
Q12293	51.37
Q12296	48.73
Q12297	32.58
Q12298	4.82
Q12300	33.29
Q12301	27.06
Q12303	22.05
Q12305	12.95
Q12306	16.83
Q12307	2.54
Q12308	0.34
Q12309	0.87
Q12310	56.80
Q12311	26.20
Q12312	0.80
Q12314	0.00
Q12315	25.84
Q12316	34.99
Q12317	20.73
Q12318	0.83
Q12320	2.11
Q12321	28.80
Q12322	32.67
Q12324	19.85
Q12325	22.28
Q12326	3.96
Q12327	0.88
Q12328	12.56
Q12329	59.47
Q12330	4.26
Q12331	20.22
Q12333	11.13
Q12334	52.02
Q12335	0.51
Q12336	0.60
Q12337	35.82
Q12338	3.64
Q12339	29.13
Q12340	24.55
Q12341	1.87
Q12342	20.37
Q12343	41.55
Q12344	53.80
Q12345	22.40
Q12346	14.69
Q12347	10.17
Q12348	14.73
Q12349	37.10
Q12350	26.58
Q12351	8.03
Q12352	1.71
Q12354	0.44
Q12355	26.58
Q12358	13.35
Q12359	14.55
Q12361	45.58
Q12362	12.18
Q12363	6.86
Q12365	33.25
Q12366	4.83
Q12367	17.71
Q12368	29.90
Q12369	17.34
Q12370	28.23
Q12372	8.23
Q12373	40.52
Q12374	7.47
Q12375	3.42
Q12377	2.76
Q12378	13.78
Q12379	40.59
Q12380	3.06
Q12382	18.97
Q12383	13.24
Q12385	2.54
Q12386	37.23
Q12387	3.77
Q12389	42.31
Q12390	6.44
Q12391	54.32
Q12392	53.88
Q12393	2.05
Q12394	9.92
Q12395	9.29
Q12396	25.68
Q12398	77.88
Q12400	15.70
Q12402	10.56
Q12403	16.44
Q12404	17.92
Q12405	2.33
Q12406	10.27
Q12407	32.31
Q12408	17.34
Q12411	30.21
Q12412	13.91
Q12414	34.76
Q12415	16.32
Q12416	69.49
Q12417	2.88
Q12418	35.06
Q12420	68.65
Q12421	29.08
Q12424	33.60
Q12425	36.22
Q12426	1.82
Q12427	82.07
Q12428	5.04
Q12429	11.53
Q12431	5.56
Q12432	30.17
Q12433	57.95
Q12434	8.91
Q12436	33.89
Q12438	48.05
Q12439	46.80
Q12440	16.18
Q12441	53.64
Q12442	10.73
Q12443	31.30
Q12444	29.37
Q12445	51.17
Q12446	77.41
Q12447	5.76
Q12448	0.88
Q12449	14.86
Q12450	10.63
Q12451	43.02
Q12452	2.02
Q12453	30.75
Q12454	16.96
Q12455	2.00
Q12457	51.23
Q12458	1.92
Q12459	99.71
Q12460	13.29
Q12461	10.34
Q12462	4.24
Q12463	2.31
Q12464	8.28
Q12465	10.82
Q12466	18.47
Q12467	21.63
Q12468	30.45
Q12469	33.74
Q12470	53.86
Q12471	21.16
Q12472	35.82
Q12473	6.18
Q12476	48.26
Q12477	43.09
Q12479	5.13
Q12480	7.27
Q12481	48.33
Q12482	6.76
Q12483	1.29
Q12484	1.85
Q12485	54.32
Q12486	3.67
Q12487	3.68
Q12488	0.00
Q12489	77.57
Q12490	31.28
Q12491	35.93
Q12492	1.44
Q12493	0.84
Q12494	67.52
Q12495	65.68
Q12496	4.73
Q12497	26.88
Q12498	41.55
Q12499	15.46
Q12500	39.79
Q12501	35.54
Q12502	44.50
Q12504	12.15
Q12505	39.84
Q12506	0.92
Q12507	42.20
Q12508	1.66
Q12509	5.25
Q12510	22.22
Q12511	23.95
Q12512	15.66
Q12513	38.00
Q12514	46.43
Q12515	78.64
Q12516	41.19
Q12517	9.96
Q12518	64.76
Q12520	7.67
Q12522	0.41
Q12523	32.50
Q12524	7.35
Q12525	0.62
Q12527	39.22
Q12528	6.36
Q12529	2.14
Q12530	40.80
Q12531	34.41
Q12532	32.66
Q12672	3.75
Q12674	28.44
Q12675	32.69
Q12676	0.70
Q12680	9.00
Q12690	8.54
Q12691	12.10
Q12692	24.63
Q12697	29.42
Q12734	68.24
Q12743	26.10
Q12744	1.50
Q12745	6.91
Q12746	7.69
Q12748	7.37
Q12749	13.55
Q12751	14.37
Q12753	84.58
Q12754	24.84
Q2V2P0	15.38
Q2V2P1	29.03
Q2V2P2	5.48
Q2V2P3	24.00
Q2V2P4	1.37
Q2V2P5	14.67
Q2V2P6	6.25
Q2V2P7	22.50
Q2V2P8	3.37
Q2V2P9	31.82
Q2V2Q0	0.00
Q2V2Q1	21.24
Q2V2Q2	0.00
Q2V2Q3	7.46
Q35811	2.17
Q3E6R4	37.88
Q3E6R5	5.26
Q3E705	33.05
Q3E731	28.57
Q3E732	2.63
Q3E735	1.25
Q3E736	1.28
Q3E737	0.00
Q3E739	8.57
Q3E740	0.00
Q3E741	3.33
Q3E742	17.65
Q3E743	10.09
Q3E744	8.70
Q3E746	0.00
Q3E747	23.53
Q3E750	1.67
Q3E751	0.00
Q3E752	31.34
Q3E754	3.45
Q3E755	1.85
Q3E756	13.83
Q3E757	2.87
Q3E758	0.00
Q3E760	0.00
Q3E762	4.55
Q3E763	1.52
Q3E764	45.31
Q3E765	0.00
Q3E766	3.12
Q3E767	6.52
Q3E769	1.11
Q3E770	27.50
Q3E771	3.57
Q3E772	32.61
Q3E774	2.33
Q3E775	0.00
Q3E776	18.33
Q3E778	0.00
Q3E781	0.00
Q3E782	6.38
Q3E784	34.12
Q3E785	2.53
Q3E786	1.52
Q3E787	1.92
Q3E789	8.16
Q3E790	5.00
Q3E791	4.17
Q3E792	28.70
Q3E793	16.36
Q3E794	3.77
Q3E795	29.59
Q3E796	1.49
Q3E798	37.93
Q3E7A0	0.00
Q3E7A2	0.00
Q3E7A3	37.84
Q3E7A4	11.93
Q3E7A5	1.67
Q3E7A6	0.00
Q3E7A7	19.19
Q3E7A8	12.50
Q3E7A9	9.59
Q3E7B0	0.00
Q3E7B2	14.12
Q3E7B3	1.43
Q3E7B4	0.00
Q3E7B5	0.00
Q3E7B6	32.88
Q3E7B7	44.12
Q3E7B9	1.35
Q3E7C1	9.72
Q3E7X8	30.31
Q3E7X9	4.48
Q3E7Y3	1.54
Q3E7Y4	0.00
Q3E7Y5	9.15
Q3E7Y6	8.22
Q3E7Y7	4.08
Q3E7Y8	0.00
Q3E7Y9	4.92
Q3E7Z0	1.61
Q3E7Z1	1.56
Q3E7Z2	4.71
Q3E7Z3	6.67
Q3E7Z4	0.00
Q3E7Z5	20.29
Q3E7Z6	3.70
Q3E7Z7	2.50
Q3E7Z8	0.00
Q3E7Z9	6.45
Q3E801	3.70
Q3E802	5.56
Q3E804	1.82
Q3E805	0.00
Q3E806	8.70
Q3E807	5.88
Q3E808	0.00
Q3E809	0.00
Q3E810	1.75
Q3E811	1.61
Q3E813	4.08
Q3E814	3.45
Q3E815	0.00
Q3E816	2.82
Q3E817	3.17
Q3E818	2.00
Q3E819	1.59
Q3E820	2.04
Q3E821	2.53
Q3E823	13.24
Q3E824	41.11
Q3E825	3.45
Q3E826	10.26
Q3E827	46.24
Q3E828	1.92
Q3E829	11.25
Q3E830	6.67
Q3E832	0.00
Q3E833	5.68
Q3E834	15.29
Q3E835	3.33
Q3E837	0.00
Q3E838	7.14
Q3E840	4.88
Q3E841	5.10
Q3E842	39.29
Q3E843	2.22
Q3E846	19.23
Q45U18	1.49
Q45U48	12.33
Q6B0R2	0.78
Q6B0R7	0.98
Q6B0V7	3.08
Q6B0V8	0.84
Q6B0W0	5.41
Q6B0W2	0.92
Q6B0X1	18.64
Q6B0X2	6.60
Q6B0Y1	8.23
Q6B0Y5	2.38
Q6B0Y6	0.00
Q6B0Y7	0.00
Q6B0Y8	17.60
Q6B0Z2	7.62
Q6B108	3.00
Q6B113	0.00
Q6B2I9	4.59
Q6B2U8	2.38
Q6Q546	0.00
Q6Q547	1.72
Q6Q560	9.57
Q6Q571	1.79
Q6Q572	4.63
Q6Q595	21.14
Q6Q5F3	1.32
Q6Q5H1	55.00
Q6Q5K6	16.18
Q6Q5P6	14.29
Q6Q5X2	19.61
Q6WNK7	3.12
Q7LHD1	55.88
Q7LHG5	14.29
Q7LIF1	11.88
Q7LIF2	7.27
Q7M4S9	56.19
Q86ZR7	0.42
Q870I1	0.00
Q8J0M4	14.93
Q8TGJ0	0.00
Q8TGJ1	1.96
Q8TGJ2	3.33
Q8TGJ3	1.39
Q8TGJ4	2.63
Q8TGJ7	23.21
Q8TGJ8	39.73
Q8TGK0	0.00
Q8TGK1	0.00
Q8TGK4	2.74
Q8TGK5	2.50
Q8TGK6	1.33
Q8TGK7	2.38
Q8TGK8	1.06
Q8TGK9	5.26
Q8TGL0	6.17
Q8TGL1	0.00
Q8TGL2	1.52
Q8TGL3	10.14
Q8TGL4	6.98
Q8TGL5	3.85
Q8TGL6	2.90
Q8TGL7	25.00
Q8TGL8	3.92
Q8TGL9	3.70
Q8TGM0	2.70
Q8TGM1	0.00
Q8TGM2	13.04
Q8TGM3	3.33
Q8TGM4	2.27
Q8TGM5	8.96
Q8TGM6	30.65
Q8TGM7	11.48
Q8TGM8	3.33
Q8TGM9	3.37
Q8TGN0	7.89
Q8TGN1	6.12
Q8TGN2	21.18
Q8TGN3	3.57
Q8TGN4	0.00
Q8TGN5	0.00
Q8TGN6	0.46
Q8TGN7	2.78
Q8TGN8	12.90
Q8TGN9	11.66
Q8TGP0	4.08
Q8TGP1	2.63
Q8TGP2	11.43
Q8TGP3	13.33
Q8TGP4	0.00
Q8TGP5	1.61
Q8TGP6	2.13
Q8TGP7	2.94
Q8TGP8	2.78
Q8TGP9	1.72
Q8TGQ0	0.00
Q8TGQ1	7.35
Q8TGQ2	3.45
Q8TGQ3	7.69
Q8TGQ4	3.23
Q8TGQ5	3.45
Q8TGQ6	4.08
Q8TGQ7	3.03
Q8TGQ8	5.71
Q8TGQ9	6.90
Q8TGR0	1.33
Q8TGR1	12.12
Q8TGR2	12.63
Q8TGR3	0.00
Q8TGR4	4.17
Q8TGR5	10.58
Q8TGR6	2.56
Q8TGR7	5.26
Q8TGR8	4.63
Q8TGR9	0.00
Q8TGS0	2.08
Q8TGS1	3.03
Q8TGS2	4.00
Q8TGS4	2.86
Q8TGS5	0.00
Q8TGS6	0.00
Q8TGS7	3.57
Q8TGS8	0.00
Q8TGS9	0.00
Q8TGT0	3.51
Q8TGT1	2.04
Q8TGT2	0.00
Q8TGT3	0.00
Q8TGT4	5.19
Q8TGT5	2.56
Q8TGT6	0.00
Q8TGT7	0.00
Q8TGT8	3.57
Q8TGT9	0.00
Q8TGU0	0.00
Q8TGU1	4.35
Q8TGU2	12.64
Q8TGU3	3.03
Q8TGU4	1.85
Q8TGU5	0.00
Q8TGU6	10.94
Q8TGU7	27.94
Q8TGU8	0.00
Q8TGV0	0.00
Q92316	0.00
Q92317	15.75
Q92325	10.15
Q92328	27.68
Q92331	48.15
Q92392	55.00
Q92393	34.47
Q96VG5	4.62
Q96VG6	0.00
Q96VG8	7.32
Q96VH1	4.76
Q96VH2	1.19
Q96VH3	5.60
Q96VH4	1.04
Q96VH5	24.74
Q99176	15.02
Q99177	12.90
Q99181	4.69
Q99186	15.68
Q99188	49.19
Q99189	2.26
Q99190	0.00
Q99207	38.77
Q99208	26.56
Q99210	2.16
Q99216	29.93
Q99219	30.69
Q99220	27.49
Q99222	29.34
Q99231	33.39
Q99234	27.30
Q99247	38.44
Q99248	53.97
Q99252	38.83
Q99257	18.70
Q99258	0.00
Q99260	20.00
Q99271	55.03
Q99278	3.48
Q99287	6.44
Q99288	11.98
Q99296	37.95
Q99297	2.61
Q99299	82.59
Q99303	51.83
Q99312	0.67
Q99314	15.32
Q99315	12.61
Q99316	11.55
Q99318	0.99
Q99321	12.77
Q99325	17.19
Q99326	47.93
Q99332	56.81
Q99337	34.65
Q99339	0.00
Q99341	1.86
Q99344	0.67
Q99345	7.96
Q99359	31.84
Q99369	19.55
Q99373	35.97
Q99380	8.33
Q99382	21.55
Q99383	64.98
Q99385	11.19
Q99393	10.90
Q99394	25.00
Q99395	52.43
Q99401	10.08
Q9P305	61.07
Q9URQ3	1.55
Q9URQ5	17.95
Q9ZZV8	5.88
Q9ZZW1	8.21
Q9ZZW2	0.92
Q9ZZW3	2.00
Q9ZZW4	10.34
Q9ZZW7	0.58
Q9ZZX0	5.65
Q9ZZX1	0.32
Q9ZZX7	4.17
Q9ZZX8	1.89
Q9ZZX9	0.78
A0A1D0CT74	1.00
A0A1D0CT83	1.82
A0A1D0CXR0	1.96
